dataset,instance,p,n_vertices,n_hyperedges,initial_objective,final_objective,gammas,betas
poisson_16_12_3,01,1,12,15,13.113443450402938,7.676082356155418,"[[ 0.83311612],
 [ 0.86704251],
 [ 0.73164712],
 [ 0.53289759],
 [ 0.18115966],
 [ 0.11594243],
 [ 0.19762216],
 [ 1.48301217],
 [ 1.83629631],
 [ 1.46747212],
 [-0.14102672],
 [ 2.15257694],
 [ 1.17277741],
 [ 0.01531758],
 [-0.10302178],
 [ 0.99988912],
 [-0.06930378],
 [-0.14084959],
 [ 0.6109919 ],
 [-1.37154032],
 [-1.90570339],
 [ 0.60822361],
 [ 0.6245463 ],
 [ 1.28074035],
 [ 0.70660369],
 [-0.19769124],
 [-2.61772863],
 [ 1.93721058],
 [-0.66364065],
 [-0.48331119],
 [ 0.94589453],
 [ 0.36626594],
 [ 1.11698917],
 [ 0.10201505],
 [-0.46694494],
 [-0.32521591],
 [-0.40748924],
 [ 0.87832249],
 [-1.31650115],
 [-0.5143506 ],
 [ 0.18578679],
 [ 0.25353891],
 [ 0.39846763],
 [ 0.58288165],
 [-0.35675773],
 [-0.16202734],
 [ 1.05098407],
 [-0.67645328],
 [-0.65085075],
 [-0.19195572],
 [-0.46334005],
 [ 0.15292831],
 [ 0.47356466],
 [ 0.06029396],
 [ 0.82188028],
 [ 0.83132981],
 [ 1.2115716 ],
 [ 0.5589527 ],
 [ 1.2815381 ],
 [ 0.45534403],
 [ 0.42357561],
 [-0.48705148],
 [-0.17841911],
 [ 0.16340585],
 [-0.18562079],
 [ 1.13856051],
 [ 1.03802936],
 [-1.18266215],
 [ 0.07714953],
 [-0.51115595],
 [ 1.86488684],
 [ 0.60570626],
 [ 1.20630614],
 [ 1.69431076],
 [-0.17829023],
 [-2.17379215],
 [ 1.54465009],
 [-0.67129496],
 [ 0.32524147],
 [-1.83553913],
 [-0.11715906],
 [-0.56363508],
 [ 0.60119108],
 [-1.99869634],
 [ 1.14096717],
 [ 0.07220177],
 [ 1.50239909],
 [ 1.00142892],
 [ 1.2990399 ],
 [ 0.85448209],
 [ 0.70875148],
 [ 1.1930212 ],
 [-0.48125087],
 [ 0.98213085],
 [ 0.16196746],
 [ 0.12095255],
 [ 0.44618665],
 [ 0.16527028],
 [-0.10688654],
 [-0.43399974],
 [-0.00746756],
 [ 0.41133597],
 [-0.07177549]]","[[ 0.30394502],
 [-0.40649124],
 [-0.02806274],
 [ 0.22741756],
 [ 0.7590214 ],
 [ 0.21171983],
 [ 0.89803815],
 [-0.39415493],
 [ 0.47829951],
 [-0.0404954 ],
 [ 0.64398214],
 [-1.2484515 ],
 [ 0.21102458],
 [ 0.06740075],
 [ 0.66782977],
 [-0.07271183],
 [-0.04779195],
 [-1.8711113 ],
 [ 0.16345312],
 [ 0.97277494],
 [ 0.04914033],
 [ 0.29107207],
 [ 0.16251865],
 [ 0.5398352 ],
 [-0.30713123],
 [ 0.37983789],
 [-0.85370719],
 [ 0.06413685],
 [ 0.00635552],
 [ 1.33283864],
 [ 0.81512454],
 [ 0.34497319],
 [ 0.32059114],
 [ 0.39687719],
 [-0.05059491],
 [ 0.73792547],
 [ 0.75011588],
 [-0.96652573],
 [ 1.16910856],
 [ 0.07651846],
 [ 0.06670387],
 [ 0.29058418],
 [ 1.07031017]]"
poisson_16_12_3,01,2,12,15,13.027771309643558,6.144537633558049,"[[ 9.78694273e-01, 1.32638835e-01],
 [ 4.59537730e-01, 8.12094384e-01],
 [ 5.37026882e-01, 7.06916748e-01],
 [ 3.33730674e-02, 1.16840386e+00],
 [ 1.26542834e-01, 5.22835534e-01],
 [ 3.22571944e-01, 1.01255102e+00],
 [-3.36855316e-02, 6.27140865e-02],
 [ 5.47385242e-01, 4.14119266e-01],
 [-2.96139946e-01,-2.20547094e-01],
 [ 1.21049292e+00,-1.24763628e-01],
 [ 1.45912480e-01, 3.68151726e-02],
 [ 1.36439409e+00, 1.39288396e+00],
 [ 8.92735277e-01, 4.66524587e-01],
 [-1.60793153e-02,-1.58328002e-01],
 [-2.44981301e-01,-9.75516124e-02],
 [ 8.07148795e-01, 6.40771590e-01],
 [ 1.54851700e+00,-5.00567045e-01],
 [ 1.52648765e-01, 5.56943521e-02],
 [ 2.52261338e-01,-8.03582423e-01],
 [ 2.80761101e-02, 1.32776834e+00],
 [ 2.28204472e-01, 5.93794321e-01],
 [ 2.82936527e-01, 2.79618788e-01],
 [-4.86982207e-01, 4.53413963e-01],
 [ 9.66206528e-01, 5.12316349e-01],
 [ 5.58955298e-01, 6.73237517e-01],
 [ 1.50066432e-01, 1.09502692e-01],
 [-1.88871866e+00, 7.82955548e-01],
 [-9.53249807e-01,-3.19991298e-01],
 [-4.19464973e-01,-1.09593820e+00],
 [-9.05182794e-02,-3.32590823e-01],
 [-2.06784753e-01, 5.92240944e-01],
 [ 5.78542374e-02, 2.86137659e-01],
 [ 3.83763806e-01,-8.78188611e-01],
 [ 3.18671507e-02, 3.17511465e-01],
 [ 2.12743082e-01, 1.29860819e-01],
 [ 9.67297829e-04, 4.23926273e-01],
 [ 1.49325785e-02,-1.64299503e-01],
 [ 4.08180309e-01, 1.10653002e+00],
 [ 9.03247954e-02, 8.42234267e-01],
 [ 6.86689270e-01,-5.16910387e-01],
 [ 2.82123135e-01,-7.60516128e-01],
 [ 1.39748486e-01,-4.36480454e-01],
 [ 8.82280920e-02,-2.08708846e-01],
 [ 1.13680632e-01,-9.10407011e-01],
 [ 6.09318111e-02,-6.42553928e-01],
 [ 4.06259944e-01, 6.16567210e-01],
 [ 2.32953544e-01,-3.22686991e-01],
 [-4.21817754e-01,-1.07985636e+00],
 [ 5.74466991e-02,-5.59645966e-01],
 [ 6.66928663e-03,-3.81210562e-01],
 [ 3.45949709e-02, 3.99534233e-01],
 [ 1.96881420e-02, 3.71755206e-01],
 [ 7.76231851e-02, 1.49717423e+00],
 [ 3.84557686e-04, 2.12768854e-01],
 [ 9.50240521e-01, 1.18508389e-01],
 [ 4.81443281e-01, 8.30770248e-01],
 [ 5.14513291e-01, 8.20598054e-01],
 [ 4.99354955e-02, 1.19794412e+00],
 [ 8.89290500e-02, 1.39616869e+00],
 [ 3.14793419e-02, 1.49660851e+00],
 [ 1.18366699e-01,-5.98532952e-01],
 [-1.08100287e-01,-3.20621384e-01],
 [ 2.78180962e-03,-3.85237980e-01],
 [ 1.47368790e-01, 6.90927677e-01],
 [ 1.37908741e-01, 1.22336025e-01],
 [ 8.76499351e-01, 4.62594109e-01],
 [ 8.15600917e-01, 6.24677318e-01],
 [-5.16474885e-01,-1.22055037e+00],
 [-1.55597210e-02, 4.29388715e-01],
 [ 2.36996889e-01,-1.19631619e-01],
 [-3.08190517e-01,-2.41245749e-01],
 [-4.63813801e-01, 4.12453756e-01],
 [ 5.11707790e-01, 8.26036221e-01],
 [ 1.83059025e+00, 5.72012450e-01],
 [ 1.47197805e-02,-3.74075209e-01],
 [-1.23192179e+00, 4.72795900e-01],
 [ 9.61228726e-02,-1.54846852e+00],
 [ 7.12169202e-02,-1.16609973e+00],
 [-9.81865104e-02,-8.31172659e-01],
 [-3.62253115e-03,-3.92376766e-02],
 [ 2.27454632e-01, 1.56622969e+00],
 [-3.25947503e-02, 1.80438520e-01],
 [ 3.10363867e-01, 2.93613471e-01],
 [-1.85704142e+00,-5.84330746e-01],
 [ 8.81779581e-01, 4.93707133e-01],
 [-7.87440335e-03, 3.86872213e-01],
 [ 5.05284179e-01, 4.08855629e-01],
 [ 7.76531481e-01, 6.46031651e-01],
 [ 9.52730506e-01, 5.02166083e-01],
 [ 4.97522313e-01, 7.95318098e-01],
 [ 5.43646696e-01, 6.79780264e-01],
 [ 5.10465313e-01, 8.06137906e-01],
 [ 1.86818959e-02, 4.03542567e-01],
 [-2.20693750e-01, 5.95767618e-01],
 [ 1.63842103e-02, 3.78313049e-01],
 [ 3.20380540e-01, 1.03339389e+00],
 [ 7.45326585e-02, 1.52768119e+00],
 [ 1.39553635e-01, 6.59795590e-01],
 [ 7.56675730e-02, 7.76259351e-02],
 [ 8.25151432e-02, 8.93407541e-02],
 [ 3.90501229e-02, 1.81211146e-01],
 [-1.82266786e-02,-1.16534197e+00],
 [ 1.03046487e-01,-5.93587637e-01]]","[[ 0.24279748, 0.24286322],
 [ 0.04284104,-0.74530384],
 [ 0.01721493,-0.27508103],
 [ 0.73050277, 0.06032241],
 [-0.48960932, 0.64359038],
 [ 0.12884691, 0.28839177],
 [ 0.47621659, 0.92979527],
 [ 0.05587836,-0.58400942],
 [ 0.80157659, 0.20897359],
 [ 0.02200372,-0.27428031],
 [ 0.46537742, 0.08740688],
 [-0.57653876,-0.70397336],
 [-0.01074477, 0.06705848],
 [ 0.10986321,-0.11931473],
 [-0.116363  , 0.76039833],
 [-0.34073906, 0.40325353],
 [-0.04886723,-0.01670989],
 [-0.1923607 , 0.31783089],
 [-0.17087343,-0.82119032],
 [ 1.34631664, 0.01692265],
 [ 0.22936458, 0.07580482],
 [-0.33440205, 1.04498659],
 [ 0.20255753, 0.27246515],
 [ 0.41583466, 0.21289209],
 [-0.44148505,-0.28784152],
 [ 0.25258325, 0.25094066],
 [-0.06708336, 0.12749976],
 [ 0.2115167 , 0.15459875],
 [-0.28983885, 0.77513602],
 [ 0.28761802, 0.63023113],
 [ 0.20175962, 0.36059064],
 [ 0.00174228, 0.02204326],
 [ 0.28894411, 0.51326949],
 [ 0.22517605, 0.58504294],
 [-0.48357538,-0.40858165],
 [ 1.01694017,-0.32046176],
 [ 0.06012047,-0.81738674],
 [ 0.44995643, 1.13220774],
 [-0.13284184,-0.37465434],
 [ 0.4173881 , 1.39863472],
 [-0.04472051, 0.09526359],
 [ 0.69523872,-0.04231546],
 [ 0.00530742, 0.09967614]]"
poisson_16_12_3,01,3,12,15,12.928742790886455,6.0308206527278,"[[ 0.28359966, 0.69403407,-0.07465931],
 [ 0.18150342, 0.4801312 , 0.21494376],
 [ 0.2209821 , 0.39698444, 0.49002889],
 [ 0.09501775, 0.26570351, 0.55132649],
 [ 0.13995933, 0.06015493, 0.47245659],
 [ 0.1779899 , 0.55764456, 0.61968552],
 [ 0.02621523,-0.13954635,-0.42568536],
 [ 0.45207396, 0.56757044, 0.31849776],
 [-0.03735511,-0.24715846,-0.34081792],
 [ 0.4535845 , 0.08361307, 0.33208855],
 [ 0.26020762, 0.15281467, 0.03023398],
 [ 0.54668655, 0.54869163, 0.72442563],
 [ 0.62431884, 0.44725417, 0.50054939],
 [ 0.037674  ,-0.00853684, 0.11517708],
 [-0.16350137,-0.17957826,-0.36693265],
 [ 0.62797903, 0.51408741, 0.44476235],
 [ 1.14383674, 1.48384419, 0.69207049],
 [ 0.26631408, 0.19209923, 0.01037551],
 [ 0.40431455, 0.22643346,-0.55579229],
 [ 1.12594367, 0.28306045, 0.45108274],
 [ 0.59359433,-0.22517742,-0.86013352],
 [ 0.06166586, 0.17354922,-0.4021687 ],
 [-0.2762884 ,-0.472651  ,-0.06775205],
 [ 0.36221669, 1.29130072, 0.30764921],
 [ 0.26843228, 0.37409207, 0.4731064 ],
 [ 0.04696483,-0.06507815, 0.40880799],
 [-1.38104705,-0.29861151,-0.28831167],
 [ 0.35532201, 0.21229361,-0.26720876],
 [-0.47149146,-0.3267417 ,-0.54764245],
 [ 0.01884434,-0.03784077,-0.14487802],
 [ 0.44349817,-0.28853204, 0.67235249],
 [ 0.21184678, 0.28659871, 0.23836577],
 [-0.07985785, 0.05936017,-0.36491437],
 [-0.06187095,-0.02026359,-0.22959877],
 [ 0.06759251, 0.006711  , 0.58266316],
 [-0.02133104,-0.16461389, 0.96766848],
 [-0.12854221,-0.28361698, 0.04255542],
 [ 0.04873384, 0.12762074, 0.51325926],
 [-0.2188705 , 0.02136817, 0.68196972],
 [-0.24160204,-0.25327411, 0.37669679],
 [-0.16108489,-0.49543843, 0.04314273],
 [-0.27365542,-0.01649109,-0.92084722],
 [-0.02938728, 0.00379015,-0.5102408 ],
 [-0.1167025 , 0.13526033,-0.13613951],
 [-0.19085858,-0.17215449,-0.32175167],
 [-0.02793284,-0.44848445, 0.68607561],
 [ 0.00204103,-0.29785026,-0.81099974],
 [-0.50892941,-0.35378096,-0.58192474],
 [-0.42381804,-0.29395102,-0.52190735],
 [-0.04407986,-0.04405396,-0.16541504],
 [-0.03770155,-0.15063006, 0.67534914],
 [-0.00745495,-0.03862561, 0.37409133],
 [-0.02483591, 0.31232188, 0.88884765],
 [ 0.02765243, 0.08420182,-0.07729779],
 [ 0.25681553, 0.73174652,-0.11595966],
 [ 0.19462911, 0.50792037, 0.23437652],
 [ 0.2394957 , 0.206161  , 0.27088511],
 [ 0.0948308 , 0.26829462, 0.55379697],
 [ 0.03944148,-0.01270555, 0.9199137 ],
 [-0.02639456, 0.34183734, 0.8834901 ],
 [ 0.0123342 ,-0.26078728,-0.61753965],
 [ 0.02391837,-0.02565196,-0.17293481],
 [-0.04360466,-0.05030713,-0.17487812],
 [-0.0057821 ,-0.01185036, 0.3270957 ],
 [ 0.07031356,-0.06014321, 0.42898898],
 [ 0.64820075, 0.43839405, 0.50035641],
 [ 0.64638472, 0.54348774, 0.43741525],
 [-0.29924757,-0.84922239,-0.43490023],
 [-0.00583139,-0.20218127, 0.21181021],
 [ 0.36703589, 0.07926886,-0.26740779],
 [-0.01826007,-0.24571659,-0.3264851 ],
 [-0.24520793,-0.47293659,-0.07234912],
 [ 0.23914977, 0.21448802, 0.25142959],
 [ 0.77543412, 0.11582094, 0.75169216],
 [-0.05141481,-0.04103263,-0.18054378],
 [-0.32206886, 0.09530633, 0.39027727],
 [ 0.2019365 , 0.38348587,-1.12970045],
 [ 0.04369592, 0.11873608, 0.29669096],
 [-0.07571588,-0.24522067, 0.36582701],
 [-0.00951718,-0.24625367, 0.34808298],
 [-0.1173329 , 0.2028816 , 0.38156946],
 [-0.00330623, 0.06855007, 0.08237027],
 [ 0.06291737, 0.17880093,-0.38793943],
 [-0.9060442 ,-0.82703386,-0.34393771],
 [ 0.65257973, 0.44477976, 0.48410529],
 [-0.0300493 ,-0.15945491, 0.21697961],
 [ 0.45831912, 0.52868638, 0.35401204],
 [ 0.65160233, 0.51793797, 0.45242039],
 [ 0.38670125, 1.27640379, 0.29149704],
 [ 0.19372022, 0.47755542, 0.20832515],
 [ 0.2419573 , 0.36415236, 0.51183508],
 [ 0.23845873, 0.17271609, 0.28861216],
 [-0.03629807,-0.13860832, 0.70811844],
 [ 0.42894125,-0.25362382, 0.68121204],
 [ 0.01321398,-0.046573  , 0.39038089],
 [ 0.15576522, 0.55633672, 0.6102564 ],
 [-0.00681066, 0.31976922, 0.91569791],
 [ 0.01218748,-0.05748509, 0.28154949],
 [-0.0443892 ,-0.15764918,-0.45851634],
 [ 0.00958227,-0.32128319,-0.51292406],
 [-0.01464118,-0.1591246 , 0.23151266],
 [-0.0506395 ,-0.47126989,-0.63282927],
 [ 0.053184  , 0.00550812,-0.73922158]]","[[ 2.91104776e-01, 1.52396188e-01, 5.91076381e-02],
 [-4.22774298e-02,-2.74064576e-01,-1.64212018e-01],
 [ 4.93989117e-03,-2.17658972e-02,-9.89223192e-03],
 [ 6.43249825e-01, 5.85988512e-02,-2.64377411e-02],
 [-5.25776157e-02, 8.80743583e-01, 4.99550397e-01],
 [-3.95996273e-02, 4.60831030e-02, 4.16340782e-01],
 [ 5.75552904e-01, 3.61970060e-01, 6.47194207e-01],
 [ 1.48710342e-01,-7.90772479e-02,-6.24604661e-01],
 [ 7.69414274e-01, 2.29106072e-01, 1.12565085e-01],
 [-3.33978463e-03,-8.00304123e-03,-6.85020802e-02],
 [ 2.08666542e-01, 2.59978643e-01, 5.24625162e-02],
 [-2.39388989e-01,-4.57414379e-01,-6.34214399e-02],
 [ 8.90041769e-02, 2.03868147e-02, 2.70538495e-01],
 [ 1.55732855e-01, 9.35687883e-02, 7.10104857e-01],
 [ 5.82313260e-02,-2.97399310e-01, 2.10842472e-01],
 [-2.32744271e-01,-3.65448125e-03, 4.13381261e-02],
 [-2.78133173e-02,-3.02574908e-03,-3.74436593e-04],
 [-3.35308949e-01,-2.32404223e-01, 3.16398663e-01],
 [-3.30703766e-01,-3.00525866e-01,-1.95192340e-01],
 [ 9.87217338e-01, 6.69928740e-01, 2.35679606e-02],
 [ 1.56536753e-01, 1.96016666e-01, 2.77829003e-01],
 [ 5.29586432e-01, 2.05239321e-02, 2.12095502e-01],
 [ 2.19584892e-02,-2.89791065e-01, 1.22511267e-01],
 [-9.30485004e-01,-4.67754254e-01, 2.23555887e-01],
 [-4.77290509e-01,-4.07974077e-01, 1.05741976e-01],
 [ 2.80267318e-01, 1.00077734e-01, 1.07266776e-01],
 [-1.60340580e-02, 2.36324460e-02,-8.77001086e-02],
 [-1.25950456e-01, 8.73641264e-02, 5.53377632e-02],
 [-2.84747533e-01,-4.33271695e-01, 6.26272922e-01],
 [ 3.02522377e-01, 2.46252962e-01, 4.21520182e-01],
 [ 2.36773174e-01, 1.15516046e-01, 1.86932096e-01],
 [ 1.89001314e-02, 1.52246327e-02, 3.23540005e-02],
 [ 1.93435356e-01, 5.16045548e-02, 2.95019687e-01],
 [ 5.40226387e-02, 6.00279465e-02, 3.28900851e-01],
 [-6.36178896e-01,-2.65507057e-01, 2.17164565e-01],
 [ 9.94846749e-01, 7.30066065e-01, 7.14108009e-01],
 [ 7.64540533e-01,-1.98437578e-01,-3.65748235e-01],
 [-1.19040226e-01, 7.71086755e-01, 4.22163020e-01],
 [ 3.85143269e-01, 4.26108239e-02, 3.44483995e-01],
 [-2.62387333e-01, 3.18864592e-01,-1.50912504e-02],
 [-3.17642978e-02, 1.56237789e-01,-9.93566619e-03],
 [-9.91852292e-01,-7.75048964e-01, 2.51388863e-01],
 [-9.04380763e-02, 1.01415153e-01, 1.02946675e-01]]"
poisson_16_12_3,02,1,12,16,11.666845656832725,7.789670312145322,"[[ 8.22470820e-01],
 [ 1.22276193e-01],
 [-1.33468001e-01],
 [-2.27790495e-01],
 [ 1.45250022e-02],
 [ 2.95631034e-02],
 [ 2.29080830e-01],
 [ 1.60475575e-02],
 [ 1.74465885e+00],
 [ 9.80080073e-02],
 [ 6.95289828e-02],
 [-1.42215477e+00],
 [-2.47981605e+00],
 [ 8.11098478e-01],
 [ 2.66330757e+00],
 [-1.47759944e-02],
 [ 2.43370474e+00],
 [ 9.57410731e-02],
 [-1.96324518e-01],
 [-3.75717680e-03],
 [-3.93421761e-03],
 [ 3.06512143e-02],
 [ 1.39459241e-01],
 [ 2.81327962e-02],
 [-4.42722865e-02],
 [-8.27062840e-02],
 [ 1.75259462e+00],
 [ 1.66804348e-01],
 [-2.11393385e-01],
 [-1.94256724e-01],
 [-2.11456919e-01],
 [ 1.28556821e+00],
 [ 1.30977664e-01],
 [ 1.88987833e-01],
 [-1.90652958e-01],
 [-1.42473150e-01],
 [ 8.33423623e-01],
 [ 1.52547617e+00],
 [ 1.49450299e+00],
 [ 6.25923960e-01],
 [ 7.91043006e-01],
 [-1.38522830e-01],
 [ 8.46092651e-01],
 [-1.42293716e+00],
 [-2.73686117e-01],
 [ 1.51602101e+00],
 [-1.33397235e+00],
 [-3.91059388e-03],
 [-2.48588294e+00],
 [ 2.41905484e-01],
 [ 3.88709611e-04],
 [-2.88213430e-02],
 [-1.65422094e-01],
 [ 6.21795084e-02],
 [ 5.44802704e-02],
 [ 4.42543680e-01],
 [ 1.87759513e-01],
 [ 7.99281679e-01]]","[[ 0.97950958],
 [ 0.00573352],
 [-0.12456639],
 [-0.65349716],
 [ 0.09842456],
 [-0.29757198],
 [-0.00931778],
 [ 0.26402531],
 [-0.16429045],
 [ 0.03536379],
 [ 0.14167592],
 [ 1.08564484],
 [ 0.79160865],
 [ 0.00939013],
 [-0.01795653],
 [-0.04758589],
 [ 0.00318798],
 [ 0.04868883],
 [ 1.03630883],
 [-0.6057627 ],
 [-0.21436103],
 [ 1.49452491],
 [ 0.77475299],
 [-0.14198711],
 [ 0.94200707],
 [ 1.23932102],
 [-0.8423975 ],
 [ 0.53192672],
 [ 1.19299717],
 [ 0.23493472],
 [ 0.39663114],
 [ 0.70384378],
 [ 0.72849532],
 [-0.30503973],
 [-1.17579524]]"
poisson_16_12_3,02,2,12,16,11.595820271900054,6.263830828388902,"[[ 0.4305035 , 0.49265889],
 [ 0.05100941, 0.74545976],
 [ 0.24624605, 0.0193663 ],
 [ 0.2655498 ,-0.15666629],
 [ 0.17733552, 0.16123357],
 [ 0.09339502, 0.31543265],
 [ 0.16862167, 0.81656436],
 [ 0.15061952, 0.12654105],
 [ 0.35993075, 1.68831964],
 [ 0.02811785, 0.34003428],
 [-0.18905676, 0.56444956],
 [ 0.88537241, 0.31425674],
 [-2.21384275,-1.41358452],
 [ 0.58275886, 0.39997165],
 [ 2.28459213, 2.50411375],
 [-0.07430368,-0.66362267],
 [-0.32187875, 0.31918915],
 [ 0.05899177, 0.35082638],
 [-0.14252678, 0.25230373],
 [-0.01425134, 0.30718346],
 [ 0.0816148 ,-0.1636383 ],
 [ 0.07547716, 0.32407416],
 [ 0.94196986,-0.40380679],
 [ 0.03704619, 1.1251849 ],
 [-0.19486406,-0.40022824],
 [ 0.16118273, 0.35694534],
 [ 0.32803488, 1.68601532],
 [-0.02069299,-0.05625786],
 [ 0.47288844,-0.24097445],
 [ 0.55386768, 0.0479502 ],
 [ 0.25939972,-0.14350607],
 [ 0.556643  , 0.59131919],
 [ 0.0378851 , 0.73490258],
 [ 0.1758486 , 0.83233047],
 [-0.01130561,-0.07309554],
 [ 0.23611027, 0.11685995],
 [ 0.46666554, 0.50081882],
 [ 1.33818868, 1.10179586],
 [ 1.33109266, 1.1144807 ],
 [ 0.07268007, 0.65534063],
 [ 0.60598297, 0.44039729],
 [ 0.21878949, 0.12002579],
 [ 0.42520273, 0.50584414],
 [-1.12112073,-1.06880846],
 [ 0.09008522,-0.19092768],
 [ 1.31990075, 1.13424691],
 [-0.32291116,-1.6570867 ],
 [-0.29883851,-0.07125262],
 [-2.18742833,-1.40468526],
 [ 1.4106167 ,-0.73816312],
 [ 0.2426201 , 0.56956942],
 [-0.12733504,-0.14240205],
 [-0.08227336, 0.08556569],
 [-0.06257037,-0.09147595],
 [ 0.06786864, 0.08379837],
 [-0.33669263, 0.26592635],
 [ 0.89510732, 0.36889286],
 [ 0.60326906, 0.42867236]]","[[ 2.17869196e-01, 6.87296666e-01],
 [-1.97637567e-01,-1.23444052e-01],
 [-2.09120117e-01, 1.59245403e-01],
 [-2.21848885e-01,-3.41395126e-01],
 [-2.47063284e-01, 3.23817911e-02],
 [-2.17478020e-01,-1.53691390e-01],
 [ 2.62750106e-02, 2.94712985e-01],
 [ 1.38611900e-01, 8.45269108e-02],
 [-1.15032760e-01,-2.91986129e-01],
 [-5.14772326e-02, 4.46707643e-02],
 [-6.02806448e-02, 4.99224211e-02],
 [ 9.26130398e-01, 9.89794893e-01],
 [ 1.08097819e+00, 9.48266898e-01],
 [ 1.40173816e-02, 1.23971154e-03],
 [-3.85208661e-02, 1.95274557e-03],
 [ 3.16662891e-02,-1.47134725e-01],
 [ 9.54008713e-03, 3.86773647e-03],
 [-4.25818301e-03, 1.11591093e-01],
 [ 1.18554797e+00, 4.27328911e-01],
 [-1.25254134e-01,-5.75702404e-01],
 [ 1.01156674e+00, 1.83505569e-01],
 [-2.98331081e-01, 2.63794433e-01],
 [-1.71457321e+00,-1.33466401e+00],
 [-2.94841555e-01,-2.80825979e-01],
 [ 5.61743676e-01, 1.61827748e-01],
 [ 1.37849878e-02, 2.40383366e-01],
 [-4.64160470e-01,-4.24620496e-01],
 [ 3.90716769e-01, 2.03984810e-01],
 [ 1.44897156e-01, 3.81807288e-01],
 [ 3.96001640e-01, 3.79153143e-01],
 [ 3.26187144e-01, 8.65140592e-01],
 [ 9.15820450e-01, 5.17638883e-01],
 [-1.07359151e+00, 3.99684819e-01],
 [ 7.38801327e-01, 3.90348246e-01],
 [ 8.23690570e-01, 1.34740966e+00]]"
poisson_16_12_3,02,3,12,16,11.483656221107685,6.068745145554598,"[[ 3.32747407e-01, 3.12392051e-01, 5.96129335e-01],
 [ 1.43967544e-01, 4.71585379e-01, 1.07935057e-01],
 [ 2.11855708e-01,-4.30093135e-02, 1.37609465e-01],
 [ 2.47133109e-01, 1.30856740e-01, 3.45796014e-01],
 [ 1.58523220e-01, 2.05392973e-04, 2.50819430e-01],
 [ 4.35908830e-03, 2.14277962e-01, 7.51649846e-01],
 [ 2.36879194e-01, 9.35763667e-01, 5.09932535e-01],
 [ 1.39043133e-01,-1.41730496e-02, 2.24624136e-01],
 [ 4.52621288e-03, 1.98968182e-01, 8.14654746e-01],
 [-3.21733631e-05, 6.02115559e-03, 4.70400987e-01],
 [-1.10994282e-01, 1.67943458e-01, 3.66033334e-01],
 [ 2.88228937e-01, 5.30872555e-01, 4.75642544e-01],
 [-2.14432314e+00,-1.53792687e+00,-5.70591777e-01],
 [ 1.74433063e-01, 3.84726166e-01, 5.62103230e-01],
 [ 7.39064124e-01, 1.35835930e+00, 1.51221298e+00],
 [-1.59778830e-01,-3.38864868e-01,-4.22712006e-01],
 [ 2.70184258e-01,-1.69419222e-01,-3.46348224e-01],
 [-1.50235675e-02, 2.16487850e-02, 4.77204380e-01],
 [-8.08815109e-02,-9.72346728e-02, 6.12386393e-03],
 [-4.18728770e-02, 2.57273924e-01, 7.54451566e-01],
 [-2.99164519e-02, 5.00572692e-03, 1.78697136e-01],
 [-8.98883444e-03, 2.29430513e-01, 7.61972997e-01],
 [ 4.34244195e-02, 7.68006229e-01,-1.99724481e-01],
 [-1.92323636e-01, 2.05332503e-01,-2.20640643e-01],
 [ 9.38842220e-02, 2.82191597e-02,-3.08917170e-01],
 [ 6.95472987e-02, 8.55732833e-02,-3.24462215e-01],
 [-9.05959052e-03, 2.29039118e-01, 8.01481410e-01],
 [-3.33793648e-03,-2.72801035e-02,-4.51712173e-01],
 [ 2.66489740e-01, 4.79450224e-01, 5.86640034e-01],
 [ 3.55066209e-01, 5.29506083e-01, 1.67948851e-01],
 [ 2.47257818e-01, 1.17995149e-01, 3.51597909e-01],
 [ 6.30566549e-02, 1.26595447e+00, 1.23711146e+00],
 [ 1.87739302e-01, 4.51492067e-01, 9.23411099e-02],
 [ 2.16785621e-01, 9.45165379e-01, 4.91823903e-01],
 [ 4.77793616e-02,-1.76638113e-01,-7.66486944e-01],
 [ 1.67812448e-01, 2.80165512e-01, 2.94871505e-01],
 [ 3.37109106e-01, 3.25694301e-01, 6.19466378e-01],
 [ 1.15140303e+00, 9.81683616e-01, 7.83945176e-01],
 [ 1.16472905e+00, 9.90543360e-01, 7.61996251e-01],
 [-6.60325608e-02,-8.82854685e-02,-2.13497643e-01],
 [ 1.96999067e-01, 3.72620457e-01, 5.73284845e-01],
 [ 1.64797961e-01, 2.56404465e-01, 2.91899016e-01],
 [ 3.17858492e-01, 3.38235354e-01, 6.12318826e-01],
 [ 9.79436186e-02,-2.09876249e-01, 3.88621398e-01],
 [-4.44332252e-01, 8.01651691e-01,-3.63201064e-01],
 [ 1.18632109e+00, 1.01533624e+00, 7.49198445e-01],
 [-5.77299539e-01,-1.00266905e+00,-8.53492848e-01],
 [-3.24324257e-01,-1.80399922e-01,-8.58229395e-01],
 [-2.14756380e+00,-1.55222102e+00,-5.55803233e-01],
 [ 1.37210633e+00, 1.19564998e+00,-2.03296323e-01],
 [-2.20354342e-02,-1.15091121e-01, 3.24264355e-02],
 [-2.07299533e-01, 7.80152933e-01,-5.88689749e-01],
 [-1.79505598e-01,-6.72759416e-01,-4.06204565e-01],
 [ 1.33264468e-02,-6.34341856e-01,-2.48341340e-01],
 [ 3.14330681e-01, 5.93219819e-01, 9.26581502e-02],
 [ 1.25607206e-01, 3.02435556e-01,-1.59643490e-01],
 [ 4.33489672e-01, 6.70015086e-01, 5.02929759e-01],
 [ 1.66658227e-01, 3.96603843e-01, 5.89275272e-01]]","[[ 3.61170628e-01, 6.04617023e-01, 1.59534818e-01],
 [-1.54922084e-01,-3.13354607e-01,-3.35434712e-01],
 [-3.70476236e-01,-9.20258261e-03, 2.19437171e-01],
 [-1.44873155e-01,-1.09899840e-01, 1.63103183e-02],
 [-1.25074291e-01,-6.54915241e-02,-2.36327533e-01],
 [-1.62114708e-01,-1.04358313e-01,-3.27697167e-01],
 [-9.74646237e-03, 2.54225465e-02, 1.49713112e-01],
 [ 1.63822974e-01, 7.75381834e-02, 3.49933337e-02],
 [ 6.61203126e-02,-1.80026632e-01,-2.97753436e-01],
 [-2.77740561e-01,-2.49614124e-02, 1.23237963e-02],
 [ 5.57848526e-02, 2.49603822e-02, 1.10585494e-01],
 [ 3.47206123e-01, 3.78173023e-01, 1.10697881e+00],
 [ 1.00187194e+00, 9.44667605e-01, 7.62861705e-01],
 [-9.12910139e-03,-2.10981122e-03,-1.56287533e-03],
 [-4.96863365e-02,-1.45544693e-04,-5.46906921e-03],
 [ 9.13337783e-02, 1.54161522e-02,-1.31004030e-01],
 [ 2.09210659e-01, 7.65783440e-03, 2.66933567e-02],
 [ 6.49200229e-03, 4.76213803e-03, 1.88735976e-02],
 [ 6.37943287e-01, 3.23256952e-01,-6.48027263e-02],
 [-3.22259634e-01,-5.64727759e-01,-6.76096091e-01],
 [ 3.08859171e-01, 1.21459960e-01, 3.71160134e-02],
 [-1.51012538e-01, 3.59570714e-02, 5.32088719e-01],
 [-1.01687336e+00,-1.44622361e+00,-7.14420031e-01],
 [-6.90034710e-01,-4.36612950e-01, 2.68888058e-01],
 [ 5.80789070e-01, 2.44432568e-01, 2.34654164e-02],
 [ 2.06253752e-01, 1.88289261e-01, 3.56147475e-02],
 [-1.64861391e-01,-4.21003541e-01, 7.26765645e-01],
 [-2.41132744e-02, 2.12858237e-01, 3.91792188e-02],
 [ 1.35525926e-01, 1.96464809e-01, 1.33292659e-01],
 [ 8.28078224e-01, 5.21092411e-01, 1.47913283e-01],
 [ 3.51880488e-01, 4.86685119e-01, 6.49760046e-01],
 [ 2.80811743e-01, 7.90981533e-01, 4.77484097e-01],
 [ 3.94778948e-01,-2.66386188e-01,-5.87234850e-02],
 [ 3.46673179e-01, 4.58383784e-01, 5.77167036e-01],
 [ 3.56173850e-01, 2.17063372e-01, 1.33317137e+00]]"
poisson_16_12_3,03,1,12,16,12.716043454132263,10.552764203686401,"[[ 0.48925985],
 [ 1.34354847],
 [ 0.38487644],
 [ 0.29275126],
 [ 0.84819374],
 [ 0.26711271],
 [ 0.44942735],
 [ 0.74765664],
 [-0.34680418],
 [-1.26606124],
 [ 0.70093111],
 [ 0.6217822 ],
 [ 1.28984584],
 [ 0.83332341],
 [-0.67735738],
 [-0.16430615],
 [ 0.95013606],
 [ 0.86174212],
 [ 0.44967237],
 [ 0.03066569],
 [ 0.28220634],
 [ 0.63580293],
 [ 0.17074287],
 [ 1.55940074],
 [ 0.64078605],
 [ 0.41648171],
 [ 1.03412396],
 [ 0.27555291],
 [ 0.98094906],
 [ 0.13019429],
 [-1.1843465 ],
 [ 0.48287562],
 [ 0.37507186],
 [ 0.97104944],
 [ 0.46973596],
 [ 0.43484053],
 [ 0.71221148],
 [ 1.67837578],
 [-0.30513131],
 [ 0.68361052],
 [ 0.20176957],
 [ 0.95262795],
 [ 0.26515461],
 [ 0.53044874],
 [ 0.95274722],
 [ 0.70187654],
 [ 1.04656317],
 [ 0.2676091 ],
 [ 1.66781212],
 [ 0.4635085 ],
 [-0.33673506],
 [ 0.43750791],
 [-0.58555019],
 [ 1.62145941],
 [-2.08251038],
 [ 0.52606944],
 [ 0.042676  ],
 [-0.13752668]]","[[ 0.31283628],
 [ 0.43362746],
 [ 0.61041365],
 [ 0.03359383],
 [ 0.28441941],
 [ 0.11618226],
 [ 0.24950342],
 [ 0.29241157],
 [ 0.24533601],
 [-0.362142  ],
 [ 0.2373264 ],
 [ 0.42481685],
 [ 0.46193801],
 [ 0.12827168],
 [ 0.1609359 ],
 [ 0.01622584],
 [ 0.4025925 ],
 [ 0.51923792],
 [ 0.16658684],
 [-0.2543375 ],
 [ 0.23842844],
 [-0.03502573],
 [-0.04801756],
 [ 0.23455287],
 [ 0.15412117],
 [ 0.32509744],
 [-0.03953734],
 [-0.87313517],
 [ 0.01469435],
 [ 0.00949101],
 [-0.19265666],
 [ 0.717409  ],
 [ 0.1250076 ],
 [ 0.23651118],
 [ 0.71634001],
 [ 0.29028455]]"
poisson_16_12_3,03,2,12,16,12.656981580824949,8.452675306804256,"[[ 1.47047113e-01, 3.65645537e-01],
 [ 4.52675231e-01,-3.00023501e-01],
 [-1.08291924e-01, 9.82968436e-02],
 [-2.62633363e-03,-3.96400346e-02],
 [ 7.04880867e-04, 5.27867905e-03],
 [-4.64443925e-01,-1.03075587e-01],
 [ 1.05944969e+00, 2.70281596e-01],
 [-2.53099841e-01,-5.18178625e-01],
 [-1.39805330e+00, 1.52944500e-02],
 [-3.05854629e-01,-5.09110826e-01],
 [ 2.38313378e-02, 1.84721491e-01],
 [ 1.66965431e-01, 2.92639363e-01],
 [ 2.99115756e-01,-4.66353197e-01],
 [-2.66104302e-02, 3.30542503e-02],
 [ 5.17029444e-02, 6.03792415e-01],
 [ 2.59566249e-01, 1.02585861e+00],
 [-2.57629849e-01,-1.18075373e+00],
 [ 3.69389303e-01, 5.14318864e-01],
 [ 1.06313363e+00, 3.10909322e-01],
 [ 2.13521365e-01, 2.30873739e-02],
 [-1.51801100e-02,-4.98739666e-02],
 [ 1.60728454e-01, 3.03956010e-01],
 [ 2.08619930e-01, 1.27432224e+00],
 [-1.01690021e-02, 1.38107890e+00],
 [ 1.81094708e-01, 2.93617656e-01],
 [ 4.01772103e-01, 1.84555939e-01],
 [ 3.60153955e-01, 7.90630394e-01],
 [ 2.66891511e-02,-1.70501643e-02],
 [-6.45037132e-01, 1.79765168e+00],
 [-1.82239923e-01, 2.29740542e-01],
 [-3.43136221e-02,-2.71252656e+00],
 [ 1.59318510e-01,-3.38176326e-01],
 [-7.50436508e-02, 8.93161897e-02],
 [-6.11070975e-01, 1.77240686e+00],
 [-3.61144994e-01,-2.80218186e-01],
 [ 1.10520540e+00, 2.94365605e-01],
 [ 5.44195568e-01, 1.20300801e+00],
 [-3.25768780e-02, 1.16027392e+00],
 [-3.01117830e+00, 1.51890992e-01],
 [ 5.61835694e-01, 1.23446727e+00],
 [-2.60041323e+00,-9.05813296e-02],
 [ 1.31658523e-01, 7.04615047e-03],
 [ 2.42578180e-02, 8.69458545e-03],
 [ 4.69316172e-02,-1.01522948e-01],
 [ 1.31616318e-01, 1.92350092e-02],
 [ 1.30342235e-02, 1.67541058e-01],
 [ 3.85815869e-01, 7.84476967e-01],
 [ 1.10115765e-02,-3.84222569e-02],
 [-3.32981707e-02, 1.18188482e+00],
 [-3.70931541e-01,-2.79000425e-01],
 [-8.06656705e-02, 1.57464433e-01],
 [ 1.06654413e+00, 2.68024758e-01],
 [-4.71075047e-01,-1.43187936e-01],
 [ 2.52348175e-01, 1.23766615e-01],
 [-3.17407118e-01,-1.03167721e+00],
 [ 3.65248447e-02,-1.24158796e-01],
 [-3.76050467e-01, 6.13698955e-02],
 [ 1.25252803e-02, 3.35590598e-01]]","[[ 0.06130494, 0.11151956],
 [ 0.24468928, 1.18216755],
 [ 0.02617136, 0.08405608],
 [ 0.03106166, 0.45860374],
 [ 0.21280315, 0.05027717],
 [ 0.67754967, 0.25222403],
 [-0.03643508, 0.06637085],
 [-0.48864495, 0.10085147],
 [-0.08228716, 0.26978311],
 [ 0.00582282,-0.3931347 ],
 [-0.48597552, 0.19110399],
 [ 0.94760206, 0.5804726 ],
 [-0.12424674, 0.16628187],
 [ 0.12782258, 0.11481328],
 [ 0.22360198, 0.30640988],
 [-0.2071637 , 0.85561056],
 [ 0.38056871, 0.34031039],
 [ 0.31596481, 0.58533486],
 [-0.14537726, 0.1927928 ],
 [-0.49052677, 0.16044223],
 [ 0.54152917,-0.18125446],
 [-0.3123502 , 0.42038697],
 [ 1.10080536,-0.4563606 ],
 [ 0.43943781, 0.1387483 ],
 [ 0.24944182, 0.07544271],
 [ 0.04961673,-0.14769474],
 [ 0.23373647, 0.25620956],
 [ 0.71154149,-0.65745886],
 [ 0.11820975, 0.84144942],
 [ 0.0454109 ,-0.00541429],
 [-1.4165341 , 0.47749571],
 [ 0.21891257, 0.68754118],
 [ 0.22779292, 0.13577022],
 [-0.7527657 ,-0.44517332],
 [ 0.31683335, 1.31437403],
 [ 0.15010981,-0.51743636]]"
poisson_16_12_3,03,3,12,16,12.556037967160512,8.175711069381418,"[[ 6.75228357e-03,-1.46647357e-01, 2.08594461e-01],
 [ 3.36068267e-01, 2.44499184e-01, 3.29125109e-01],
 [-1.91644980e-02, 1.16993690e-01, 1.05166894e-01],
 [ 5.35368402e-02, 9.92021828e-02,-3.71004487e-01],
 [ 2.52584743e-02, 2.85666361e-01, 5.59342668e-01],
 [-3.71496712e-01, 9.17344340e-02, 4.29785957e-01],
 [ 1.58421337e-01,-2.90833541e-02, 5.82801913e-02],
 [-1.26890351e-02,-9.16701624e-03, 1.14510870e+00],
 [ 4.08375103e-01,-1.23113196e+00,-1.19550950e+00],
 [-1.19532157e+00, 8.30000530e-01,-2.11611019e-01],
 [ 1.01815489e-01,-3.02283814e-02, 9.30193506e-01],
 [ 9.28058356e-01, 2.79910297e-01, 1.98859543e-01],
 [ 2.11458932e-01, 1.18618720e+00, 1.66567964e-01],
 [ 2.20871655e-02, 2.75119586e-01, 5.56200671e-01],
 [-1.23942185e-01,-4.63950875e-02, 1.16990599e+00],
 [-2.26628746e-01, 1.04765561e-01,-1.27974239e+00],
 [ 4.08735702e-01, 3.19807497e-01, 1.47371657e+00],
 [-1.94700092e-02, 2.99716248e-01, 7.40492599e-01],
 [ 1.53438976e-01,-3.44389358e-02, 8.08526664e-02],
 [-1.96139584e-01, 2.53049201e-01, 9.37863274e-01],
 [ 3.34206371e-02, 1.25242501e-01,-3.87824037e-01],
 [ 9.29276026e-01, 2.45817251e-01, 2.17075362e-01],
 [ 2.27206422e-01, 3.67869895e-02, 1.69106502e-01],
 [ 1.36270701e-02, 3.50930558e-01, 7.73429386e-01],
 [ 9.48062875e-01, 2.77691340e-01, 1.96216122e-01],
 [ 3.09175352e-01, 7.35565581e-01, 1.05814133e-01],
 [-8.07850794e-02, 4.26118296e-02, 6.21370440e-01],
 [ 1.59861417e-02, 6.09191590e-02, 7.87423058e-01],
 [ 3.06263452e-01, 4.66479169e-01, 1.67549643e+00],
 [-3.32019016e-01,-7.19219426e-01, 1.37769510e-01],
 [ 4.15005521e-01,-2.96420882e-01,-1.65367578e+00],
 [-5.69078708e-02, 1.29042552e-02, 1.00821826e-01],
 [-2.73063228e-02, 8.56457776e-02, 7.38320282e-02],
 [ 3.34008709e-01, 4.31015456e-01, 1.69314984e+00],
 [-1.34187563e-01, 5.76204486e-01,-5.95906508e-01],
 [ 1.82134502e-01,-5.39207100e-04, 9.00592431e-02],
 [ 3.30335780e-01, 3.47447798e-01, 1.82088825e+00],
 [ 2.93155696e-01, 1.05012144e+00, 1.30255251e-01],
 [-8.93538489e-01,-1.05723128e+00, 9.08430006e-02],
 [ 3.70023314e-01, 3.42503083e-01, 1.80227003e+00],
 [-1.08171632e+00,-7.54908334e-01, 3.42399275e-01],
 [ 1.77873991e-01,-2.06826958e-01,-2.64909778e-01],
 [ 4.95142702e-02, 5.42964902e-02, 7.98743986e-01],
 [ 8.93656143e-02, 1.79716722e-02,-1.89592918e-01],
 [ 1.98389559e-01,-2.15297563e-01,-2.83079905e-01],
 [ 8.92172073e-02,-4.06409035e-03, 9.49247537e-01],
 [-6.93126080e-02, 5.85170746e-02, 6.02740162e-01],
 [ 3.88577777e-02, 1.10194083e-01,-3.58994941e-01],
 [ 2.95972700e-01, 1.04746553e+00, 1.17659598e-01],
 [-1.31600122e-01, 5.87976365e-01,-6.00630117e-01],
 [-1.21889466e-02,-1.33673265e-01, 4.07895368e-02],
 [ 1.83161489e-01,-2.07927772e-02, 6.03036736e-02],
 [-2.08922196e-01,-4.42317119e-01,-8.52138427e-01],
 [ 2.68510434e-01, 3.22355538e-01, 5.76241451e-01],
 [-1.13075629e+00,-1.67980697e+00,-5.05984715e-01],
 [ 7.96845630e-02, 5.11155903e-02,-1.75368666e-01],
 [-1.45290616e-02, 1.03929903e+00, 1.55057317e+00],
 [ 6.74042526e-02,-2.29146038e-01, 2.47632541e-01]]","[[ 0.63539755,-0.03882591, 0.67845835],
 [ 0.91511012, 0.78278616, 0.69308225],
 [-0.0100337 , 0.30716533,-0.06516974],
 [-0.59985372, 0.28713134,-0.42985105],
 [ 0.81401319,-0.003896  , 0.95257917],
 [ 0.21001729, 0.24679428, 1.34840661],
 [-0.02141904, 0.23882954, 0.03595219],
 [-0.04444457, 0.01456836,-0.01879964],
 [ 0.03217009,-0.65471183, 1.05653243],
 [ 0.39852711, 0.03454511,-0.34132688],
 [ 1.04677709,-0.48309078,-0.34495554],
 [-0.13451792,-0.1220779 , 0.35362039],
 [ 0.59532852, 0.17197358, 0.64202304],
 [-0.09465935, 0.15982813, 0.47032199],
 [ 0.35878997,-0.0045095 , 0.05244159],
 [ 0.68412628,-0.16438133,-0.71840382],
 [ 0.51433934,-0.0768128 , 0.24064407],
 [ 0.24715302, 0.62947092, 0.27930645],
 [ 0.20149173, 0.24325883,-0.06346279],
 [-0.48943349,-0.22659918, 0.2721263 ],
 [ 0.27572245,-0.05568462, 0.01081368],
 [-0.42438794,-0.47340602, 0.7080115 ],
 [ 0.04434318, 0.30471079,-0.19246111],
 [ 0.23929398, 0.0820119 , 0.02351124],
 [-0.21644325, 0.04646263, 0.04898809],
 [ 0.34394462, 0.31305948,-0.12608839],
 [-0.11617899, 0.21783786, 0.71268739],
 [ 0.80976495, 0.1469255 ,-0.10734417],
 [ 0.61661851, 0.46633433,-0.02191514],
 [-0.04297515, 0.09072718,-0.00832041],
 [-1.49768356,-0.31845169, 1.48964925],
 [ 0.39729166, 0.02455756, 0.00946735],
 [ 0.08398482, 0.00342795, 0.04619372],
 [-0.59894335,-0.31013641, 0.21672175],
 [ 0.66750895, 0.43931156, 0.54809607],
 [-0.10395156,-0.05584959,-0.10397787]]"
poisson_16_12_3,04,1,12,16,13.067715678062527,10.90524890595996,"[[ 0.73785127],
 [ 0.99457726],
 [ 0.93648089],
 [-1.92419659],
 [ 0.07061097],
 [-0.80170266],
 [ 0.06714871],
 [-0.73166938],
 [ 2.08557107],
 [-0.37451248],
 [ 0.14568532],
 [ 0.47328006],
 [-0.0212081 ],
 [-0.28119329],
 [-0.330458  ],
 [ 0.53900131],
 [ 1.31659971],
 [ 0.01734712],
 [ 2.09058933],
 [ 0.06176063],
 [ 1.35038409],
 [ 0.41819297],
 [-0.39222182],
 [-0.21481178],
 [-0.54774334],
 [-0.75900885],
 [ 0.04947863],
 [ 0.74841823],
 [ 0.17577804],
 [-0.37071607],
 [-1.28765597],
 [-0.46920548],
 [-0.86806573],
 [-0.48942741],
 [ 0.25397497],
 [ 0.30392423],
 [-0.05989754],
 [-0.13136367],
 [-0.38296324],
 [ 0.21131026],
 [ 0.34353854],
 [-0.38007954],
 [ 0.51059471],
 [ 0.26821834],
 [ 1.00989946],
 [ 0.35452596],
 [ 0.1761762 ],
 [ 0.06359995],
 [ 0.72181945],
 [ 0.77644472],
 [ 0.154045  ],
 [ 1.39693844],
 [ 0.36134554],
 [ 0.98112921],
 [-1.56647536],
 [ 0.03812697],
 [ 0.96542397],
 [ 0.37290134],
 [-0.3813449 ],
 [-0.07846882],
 [ 0.03608413],
 [ 0.07702018],
 [ 0.24836014],
 [ 2.07274714],
 [-0.19628018],
 [-0.56145204],
 [ 0.28568808],
 [ 1.59807307],
 [-0.36471051],
 [ 0.13738749],
 [ 0.25500691],
 [-0.4907224 ],
 [ 0.17734946],
 [-0.82950937],
 [-0.89705919],
 [-0.48895638],
 [ 0.21535466],
 [-0.65684132],
 [-0.35753134],
 [ 0.1112781 ],
 [-0.49932013],
 [-0.2371711 ],
 [-0.39410771],
 [ 0.147671  ],
 [-0.56622098],
 [-0.88393856],
 [-0.34587703],
 [ 0.03113214],
 [ 0.32025118],
 [ 0.36117147],
 [ 0.35505326],
 [-0.37128643],
 [ 1.86587717],
 [ 0.25793769],
 [-2.75034811],
 [ 1.27687434]]","[[ 4.34927332e-01],
 [ 1.51527231e-01],
 [ 2.26614379e-01],
 [ 1.84499851e-02],
 [ 1.18590636e-01],
 [ 4.60921905e-01],
 [ 3.82688298e-01],
 [ 1.33281573e-01],
 [ 2.98282553e-01],
 [-4.55299783e-01],
 [ 3.22325622e-01],
 [-2.33063749e-02],
 [-2.70141454e-01],
 [ 2.16231001e-01],
 [ 2.41101476e-01],
 [-1.57680353e-01],
 [-1.12044386e-02],
 [ 8.37867780e-02],
 [ 2.63445682e-02],
 [ 3.42732871e-01],
 [-1.65848853e-01],
 [ 5.51817614e-01],
 [ 1.83812573e-01],
 [ 4.47923538e-04],
 [ 1.48334166e-01],
 [ 4.10360756e-01],
 [ 6.20073536e-02],
 [-4.32542813e-01],
 [ 2.18670756e-01],
 [ 6.58888254e-02],
 [ 2.08964178e-01],
 [ 2.34089227e-01],
 [ 2.79394606e-01],
 [ 5.39434416e-01],
 [-2.00571693e-01],
 [ 9.96549688e-03],
 [ 2.85753713e-02],
 [ 2.46324507e-01],
 [ 2.18018268e-01],
 [ 2.98903973e-01],
 [-2.97441618e-02],
 [ 7.01279469e-03],
 [-7.82134581e-02],
 [ 5.78341088e-01],
 [ 3.01969127e-01],
 [ 1.74113856e-01],
 [ 1.67861183e-01],
 [-3.95681339e-01]]"
poisson_16_12_3,04,2,12,16,13.02439331348315,10.120346932300379,"[[ 0.18317678,-0.06823753],
 [-0.18383126,-0.5966207 ],
 [-1.26368634,-0.94142427],
 [ 1.07028081, 0.6256645 ],
 [ 0.14304419,-0.37430979],
 [-1.45885423,-0.52406075],
 [-1.19673144,-1.52195102],
 [-1.74543742,-1.03609382],
 [ 0.02221485, 0.21231825],
 [-0.29136881, 0.14398779],
 [-0.18809239,-0.55767904],
 [ 0.19946034, 0.40473071],
 [ 0.07313851, 0.04771412],
 [ 0.00740989,-0.10628092],
 [-0.01749502, 0.2663789 ],
 [-0.51596267, 0.10574438],
 [-0.57301952, 0.44251462],
 [-0.04545711,-0.06057763],
 [ 0.03597042, 0.2007013 ],
 [ 0.30919929,-0.37873001],
 [ 0.50010809, 0.83378754],
 [-0.02916128, 0.08718766],
 [-0.27587563, 0.1256927 ],
 [-0.18705087,-0.00696438],
 [ 0.09792636, 1.29990909],
 [-1.75164779,-1.02017837],
 [ 0.30159867,-0.37878783],
 [ 1.29860557,-1.31654714],
 [-0.16059695,-0.32721127],
 [-0.28801826, 0.31927851],
 [-0.84500964, 0.65612844],
 [-1.33552067,-1.22958264],
 [-1.83616853,-2.04116582],
 [ 0.14524505,-0.33211707],
 [ 0.6901996 ,-0.22609793],
 [ 0.11223257, 0.39021837],
 [-0.02180473, 0.11748117],
 [-0.00774867, 0.21672855],
 [-0.0538368 , 0.71453765],
 [ 0.14756761, 1.28624531],
 [ 0.27614029, 1.37160221],
 [ 0.55249566, 0.90754282],
 [ 0.58334917, 0.52292607],
 [ 0.16019907, 0.26505625],
 [-0.1511317 ,-0.61163406],
 [ 0.27306826, 1.3267061 ],
 [-0.13026936,-0.34178973],
 [-0.02898494,-1.15844363],
 [ 0.17122417,-0.03106508],
 [ 0.44380145,-0.13932055],
 [-0.07874484, 0.11295501],
 [ 0.46200197, 0.82518888],
 [ 0.19612807, 0.09907526],
 [ 0.62587574,-1.62945262],
 [ 1.30045377, 0.66064012],
 [-0.04739565,-0.0729507 ],
 [-1.30302606,-0.95109451],
 [ 0.22500953, 0.03094728],
 [-0.28345842, 0.32587309],
 [ 0.04200467,-0.1109835 ],
 [ 0.11065972,-0.40396785],
 [-1.15517406,-1.54720445],
 [-0.86784964, 0.04801153],
 [ 0.04006058, 0.23113897],
 [ 0.61280504,-0.08613626],
 [ 0.07549499, 1.31431877],
 [ 0.02169853, 0.02884113],
 [ 1.67786455, 1.01947547],
 [ 0.58941783, 0.31536711],
 [ 0.50838063, 0.17887715],
 [ 0.15762515, 0.28849796],
 [ 0.23550008, 0.11546355],
 [-0.0672422 , 0.10906783],
 [ 1.07783536, 0.80558726],
 [-1.81125478,-2.04357946],
 [ 0.16388971,-0.31335912],
 [ 0.68116618,-0.22334994],
 [-0.37562267, 0.32343509],
 [ 0.02360096, 0.13409007],
 [ 0.0663052 , 0.12309172],
 [ 0.11947757, 0.31707656],
 [-0.31807443, 0.06616149],
 [ 0.54841601, 0.32679859],
 [ 0.47724681, 0.1458539 ],
 [ 0.79297855, 0.08239123],
 [-1.82732227,-2.07928907],
 [ 0.07450663, 0.43330492],
 [-0.27117943, 0.66566949],
 [-0.12445476,-0.27019623],
 [ 0.22433331, 0.0215735 ],
 [ 0.17315738, 0.07571027],
 [ 0.11248247, 0.47480433],
 [ 0.3286517 , 0.20626191],
 [ 0.14609343, 0.26172917],
 [-0.30016161, 0.66129696],
 [ 1.52604201, 0.79098303]]","[[-1.92129280e-01, 8.49591128e-02],
 [ 8.30951056e-02, 2.23275664e-01],
 [ 4.77513830e-01, 6.58627297e-01],
 [ 6.54903132e-02, 1.97341089e-02],
 [ 1.09180563e-01, 1.37163966e-03],
 [ 2.59915774e-01,-1.70967982e-02],
 [ 1.85252629e-01,-1.49769639e-01],
 [-5.04881634e-01,-8.49263820e-01],
 [-6.04019065e-02,-2.19054508e-02],
 [-6.85280049e-01, 5.03731352e-01],
 [-8.44204712e-01,-2.70636979e-01],
 [-1.81637371e-02,-4.65577057e-03],
 [ 3.80414419e-02,-1.45508645e-03],
 [ 2.67242922e-01, 2.15950730e-02],
 [-1.62740931e-02, 7.14072936e-02],
 [ 8.97190351e-01,-1.34598470e-02],
 [-1.36427775e-02,-7.44219462e-04],
 [-1.81748277e-02,-1.78595683e-02],
 [ 4.80800263e-02,-1.41024858e-02],
 [ 2.92927935e-02,-2.19638505e-02],
 [ 1.16140830e-01, 2.15503020e-01],
 [ 4.69344593e-01, 2.16910291e-01],
 [ 2.12547624e-02, 6.48499693e-02],
 [ 2.01280603e-01, 6.63681390e-02],
 [ 9.03582873e-03,-8.83017055e-03],
 [ 1.90877560e-03, 1.22096211e-01],
 [ 5.54238351e-01, 5.49659398e-01],
 [-6.41090727e-02, 5.73422132e-02],
 [-2.96876622e-01, 7.13118213e-01],
 [-3.18763952e-02,-2.58511756e-02],
 [ 6.15622533e-03,-1.32022655e-03],
 [ 1.10367678e-01, 9.42665572e-02],
 [ 7.74652180e-03, 6.15940165e-01],
 [-3.63319707e-01, 5.26505628e-01],
 [ 4.00896147e-01, 1.67579846e-01],
 [-9.16791066e-02, 1.23142819e-04],
 [ 1.95053206e-03, 1.73207399e-02],
 [ 3.87727441e-02,-2.75791353e-02],
 [-9.23937593e-02, 1.14380944e-01],
 [ 9.58720481e-01, 1.14736209e-01],
 [ 2.32451719e-01,-3.48720985e-02],
 [ 1.52762219e-01, 4.19341634e-02],
 [-1.04542259e-02,-4.20064762e-02],
 [ 2.72839207e-01, 5.13170275e-01],
 [ 1.70064280e-01, 1.44928223e-01],
 [ 3.89416444e-02, 4.69565679e-02],
 [ 3.69205263e-01, 1.52754837e-01],
 [-6.69550249e-02, 1.76527287e-01]]"
poisson_16_12_3,04,3,12,16,12.939747316232182,10.029766370665477,"[[ 0.0458651 , 0.12185637, 0.34633405],
 [ 0.32505963,-0.05289991,-0.16608775],
 [-0.17080182,-0.31234993,-0.18881171],
 [-0.95176062,-0.73230796,-0.31595919],
 [ 0.20559856, 0.12769466, 0.16325378],
 [-1.18127554,-0.07033336,-1.55157083],
 [-0.77345328,-1.0733092 ,-0.78589089],
 [-0.24608697,-0.07487238,-0.60443767],
 [ 0.81599183, 1.15604956,-0.16110505],
 [ 1.9399415 , 1.19326622, 0.46170808],
 [-0.09899984, 0.09278816, 0.31118057],
 [ 0.09908856, 0.17486889,-0.00745162],
 [-0.11873712, 0.30306273, 1.4184088 ],
 [-0.16967308,-0.17623834, 0.13168214],
 [-0.22696491, 0.0054914 ,-1.16605237],
 [-0.14307874, 0.1097619 , 0.65855141],
 [-1.0020323 , 0.03109659, 0.88921046],
 [-0.17518333, 0.83059458, 0.56861275],
 [ 0.80995805, 1.12392274,-0.13678213],
 [-0.47487336, 0.00627529, 0.21739166],
 [ 0.76839947, 0.88495046, 0.55447556],
 [ 0.00370391,-0.40785546,-0.25663564],
 [ 1.94890525, 1.20953007, 0.42489624],
 [ 0.06170901, 0.02457882, 0.9399221 ],
 [ 0.28891035, 0.68243431, 0.19130255],
 [-0.24475418,-0.10131443,-0.62042104],
 [-0.49032013, 0.02901963, 0.22451898],
 [ 0.39731629,-0.29763473,-0.2834764 ],
 [-0.00301115, 0.19980067, 0.77754874],
 [-0.30946985,-0.25429489,-1.08200058],
 [-0.86458226,-0.45902559, 0.12375954],
 [-0.61729927, 0.04499762,-0.5291842 ],
 [-0.0162831 ,-0.41398492,-0.56728083],
 [-0.36815429,-0.73063215, 0.22074216],
 [ 0.07494101, 1.42007889,-0.33415181],
 [ 0.14812679,-0.18815525, 0.78111185],
 [ 0.23434527,-0.27807339, 1.16721433],
 [-0.05373338,-0.0040289 ,-0.49333734],
 [-0.00380793,-0.29304143,-0.86773357],
 [ 0.16612685,-0.16934669, 0.06746138],
 [ 0.06619017, 0.04321453, 0.62800357],
 [ 0.37888202, 0.44273218, 0.25096033],
 [-0.32417568, 0.11984046, 0.33855889],
 [ 0.07117842, 0.30630187, 0.81699248],
 [ 0.31492606,-0.04961884,-0.12341858],
 [ 0.0626983 , 0.03711171, 0.62284212],
 [-0.02287217, 0.20697624, 0.79909935],
 [ 0.02160113, 0.11584448,-0.26851997],
 [ 0.04837762, 0.11359113, 0.37143004],
 [ 0.22748768, 0.2279531 , 1.17597939],
 [-0.00724081, 0.11045918, 0.78083336],
 [ 0.80780421, 0.91244188, 0.58000884],
 [ 0.15080748, 0.06470552, 0.18075725],
 [ 0.20825367,-0.26435091,-0.84174036],
 [-0.45090804,-0.16036522, 0.54065218],
 [-0.17715832, 0.8245193 , 0.54572912],
 [-0.20048804,-0.33878332,-0.17750455],
 [-0.02916177,-0.28264452,-0.06200493],
 [-0.31558287,-0.25516457,-1.06599015],
 [-0.00236233,-0.02258975,-0.04720565],
 [ 0.23396541, 0.12735334, 0.16712468],
 [-0.75832879,-1.04353616,-0.79922824],
 [ 0.32613564, 0.30517416, 1.49703166],
 [ 0.84317227, 1.11501169,-0.14493338],
 [ 0.01119125, 0.06183413,-0.0542077 ],
 [ 0.32915408, 0.68311628, 0.19286814],
 [-0.05120323, 0.11504618, 0.15430185],
 [-0.01823177, 0.05417898, 0.44190847],
 [-0.51125217,-0.71242667, 0.32247039],
 [ 0.22885422, 0.26735608, 0.00335575],
 [ 0.06492054, 0.29839763, 0.83550644],
 [-0.27868464,-0.85661652,-0.39296531],
 [-0.00285749, 0.07131314, 0.73770906],
 [ 0.19698893,-0.43014917, 0.81311281],
 [-0.01903846,-0.4202642 ,-0.56223098],
 [-0.34977444,-0.72280633, 0.19088195],
 [ 0.06299525, 1.41517231,-0.34498043],
 [ 0.04114424, 0.22405702,-0.18367028],
 [ 0.04354211,-0.10146801,-1.69627115],
 [ 0.08593872, 0.42181953, 1.03855757],
 [-0.00360197,-0.12010779,-0.65522306],
 [ 0.06249024, 0.28527356, 0.0810039 ],
 [-0.50890354,-0.71108541, 0.32107591],
 [ 0.25459526, 0.23972486,-0.00255032],
 [ 0.15007801, 0.102013  ,-0.42028964],
 [-0.03563864,-0.43873038,-0.53299116],
 [-0.18462591,-0.03067754,-0.01068268],
 [ 0.27512758, 0.25918877, 1.02047427],
 [-0.04405743,-0.00983083, 0.19936441],
 [-0.01303018,-0.29709577,-0.05144043],
 [ 0.11330764, 0.07001932, 0.16110495],
 [-0.18485225,-0.02629678,-0.0150025 ],
 [ 0.06821512, 1.01477826, 0.23375514],
 [ 0.0442041 , 0.30256245, 0.83738539],
 [ 0.17724161,-1.87584754, 0.99674543],
 [ 0.57842894, 0.36331441, 0.72662529]]","[[ 3.72968468e-01,-3.27572836e-01, 4.93917864e-01],
 [ 4.11528690e-01,-8.50138270e-02, 3.64849921e-01],
 [ 1.01028712e+00, 4.85369219e-02, 4.47872607e-02],
 [ 7.81044783e-03, 8.94040338e-04,-3.43800570e-03],
 [ 4.06747740e-01, 4.24152526e-02, 6.43364575e-02],
 [-1.60855041e-02, 7.81004528e-01, 1.34087151e-01],
 [-8.77356059e-02,-2.04396388e-01, 4.77909207e-01],
 [-1.66889883e-01,-4.57963906e-01, 2.12342652e-01],
 [ 5.66427666e-01, 5.09329724e-03, 2.44468746e-04],
 [-1.02141739e+00,-3.56946496e-01, 1.22226437e-01],
 [ 6.80636812e-02,-4.80876985e-02,-4.84016515e-02],
 [ 4.19407007e-02,-2.39527465e-02, 2.01064242e-01],
 [-1.95671714e-01,-7.79377891e-01,-6.47278641e-02],
 [-2.14279006e-01,-2.89334859e-01,-3.80446931e-01],
 [ 5.64141185e-01, 5.14811429e-01, 2.33466151e-02],
 [ 8.44739486e-02, 1.87010457e-01, 5.30700878e-02],
 [-1.26747390e-02, 2.47362034e-03, 1.17098887e-03],
 [ 1.61993914e-01, 1.78305723e-01, 6.61375416e-02],
 [ 1.29227587e-04, 2.53856379e-01,-1.15043126e-01],
 [ 6.73596144e-02, 1.17867854e-01,-7.29145156e-02],
 [ 3.82851712e-01,-1.76905479e-01, 2.22497151e-01],
 [ 2.06855493e-01, 5.88610657e-01, 1.60429848e-02],
 [ 7.42727566e-02, 2.05273834e-01, 6.99602000e-02],
 [-1.98252317e-02, 6.14287310e-03, 5.13403432e-03],
 [ 1.91519769e-01, 1.53843879e-01, 2.97729335e-02],
 [ 2.13727057e-02, 4.07714250e-01,-3.12679277e-01],
 [ 1.59338468e-01, 1.06346573e-01, 2.32252742e-01],
 [ 4.11740494e-01,-2.09462679e-01,-1.89838487e-02],
 [ 9.60255304e-02, 1.63778383e-01, 1.28734886e-01],
 [-1.80287946e-02,-2.09325879e-02, 2.63620810e-03],
 [ 3.16536081e-01, 1.83423371e-02, 4.41073024e-01],
 [ 2.52153263e-01, 1.61245695e-01, 3.93137919e-02],
 [ 5.52891682e-01,-6.64893434e-01, 2.80385199e-02],
 [-9.06448765e-02, 7.67926358e-01, 3.05474552e-01],
 [-6.41491418e-01,-1.82388832e-01,-1.07527602e+00],
 [-1.07716188e-01, 3.32721076e-02,-1.19657266e-03],
 [-4.11350486e-01, 1.39579982e-01, 2.63147398e-01],
 [ 5.44299738e-01, 5.93727883e-02, 5.53604170e-02],
 [ 7.33727605e-03, 2.55571536e-01, 3.63480978e-01],
 [ 2.39581443e-01, 2.09082067e-01, 3.52853207e-01],
 [ 1.29582377e-02, 6.12310414e-03, 1.09228170e-01],
 [ 1.03402146e-02, 1.04448031e-02, 6.81886346e-03],
 [-2.87859725e-02, 5.36807752e-03,-2.27492684e-03],
 [ 1.25949788e-01, 3.98247227e-03, 3.37244036e-03],
 [ 3.02606800e-01, 2.28583318e-01, 2.65406966e-02],
 [ 1.35289738e-01, 1.59647388e-01, 1.10405388e-01],
 [ 2.38660611e-01, 1.18476087e-01, 7.94600941e-02],
 [-7.60026157e-02,-2.53292793e-01, 2.17343843e-01]]"
poisson_16_12_3,05,1,12,16,12.334860904970453,9.177835115331236,"[[-1.04430317e+00],
 [ 1.04106939e+00],
 [ 1.01971696e+00],
 [-1.78123054e-01],
 [-2.63808810e-01],
 [ 1.21010290e-02],
 [ 1.18834686e-01],
 [ 5.15646682e-01],
 [ 6.76445621e-01],
 [-2.59535945e-01],
 [ 5.23412569e-01],
 [-1.39104106e-01],
 [-4.50745016e-01],
 [-1.22409388e-02],
 [-7.33096949e-01],
 [ 5.66383361e-01],
 [ 2.37035059e+00],
 [ 1.54741258e+00],
 [ 1.57339482e-01],
 [-1.03790844e-01],
 [ 1.40821106e+00],
 [-1.62397010e+00],
 [ 1.55614786e-03],
 [-3.17314201e-01],
 [ 1.55403443e+00],
 [-1.06205478e+00],
 [ 1.04664269e+00],
 [-2.51599888e-01],
 [ 6.58042672e-01],
 [-3.60846259e-01],
 [ 4.54522657e-01],
 [ 1.20047280e+00],
 [ 5.01973116e-01],
 [ 8.17293223e-01],
 [-1.35492495e-01],
 [ 5.03636278e-01],
 [ 1.01574526e-01],
 [-6.23089156e-03],
 [ 6.84103588e-01],
 [-4.14645984e-01],
 [-7.32936213e-02],
 [ 1.16990016e+00],
 [ 1.32673100e-01],
 [ 1.24620716e+00],
 [ 1.36264269e+00],
 [ 8.35069713e-02],
 [-1.10973124e-01],
 [ 5.79714948e-01],
 [-2.26734330e-02],
 [ 1.16417951e+00],
 [ 1.37408840e+00],
 [ 3.93983752e-01]]","[[ 0.56979934],
 [ 0.03847068],
 [-0.5915244 ],
 [ 0.03828613],
 [ 0.79060449],
 [ 0.12773871],
 [ 0.77108109],
 [ 0.11802072],
 [ 0.56760174],
 [ 0.18225313],
 [ 0.02490463],
 [ 1.1349924 ],
 [ 0.7189743 ],
 [ 0.06709182],
 [-0.04786088],
 [ 0.54024064],
 [ 0.0670544 ],
 [ 0.87914838],
 [-0.06775914],
 [-0.00427584],
 [-0.26233231],
 [-0.00826094],
 [-0.12185927],
 [-0.33339137],
 [-0.02286747],
 [ 0.64104557],
 [ 0.67167005],
 [-0.66473636],
 [ 0.98265193],
 [ 0.25147025],
 [-0.01539526],
 [-1.84916937],
 [ 0.02072735],
 [ 0.00372586]]"
poisson_16_12_3,05,2,12,16,12.233597568064042,7.379823275545774,"[[ 0.53783644, 0.21096938],
 [ 1.2046672 ,-0.53611061],
 [ 0.19828483, 1.13717974],
 [ 0.47016093, 0.07427435],
 [-0.03303049,-0.13404846],
 [ 0.09746049, 0.47280237],
 [-0.04470155, 0.07472076],
 [ 0.83555914, 0.84175401],
 [-0.78089941, 0.51154032],
 [-0.01159221,-0.14405042],
 [ 1.31754167, 1.82678975],
 [ 0.24247581,-0.33704764],
 [-0.84801832,-0.43621658],
 [-0.81645463, 0.66940224],
 [-0.03260226,-1.27563903],
 [ 0.07884869, 0.44090615],
 [ 2.43578795, 0.95516029],
 [ 1.20592113, 0.73323356],
 [-0.14308468,-0.25824736],
 [-0.19084476, 0.47550791],
 [ 0.0158246 , 0.88719092],
 [ 0.01241082,-1.13016262],
 [ 0.08490681, 0.46256878],
 [ 0.10237481, 0.16384469],
 [ 1.2305537 , 0.72074796],
 [ 0.55790068, 0.22049923],
 [ 0.18481974, 1.15797632],
 [-0.04348792,-0.14635394],
 [-0.23708437, 0.24186405],
 [-0.47347162,-0.00896546],
 [ 0.21059701, 0.12313562],
 [ 0.26436054, 0.51803868],
 [ 0.82391111, 0.85074878],
 [ 0.10775058, 0.93224503],
 [-0.16538488, 0.486011  ],
 [ 1.34861587, 1.80587928],
 [-0.48291915,-0.39098066],
 [-0.78463931, 0.66647489],
 [-0.75836091, 0.52038748],
 [-0.57980823, 0.56542644],
 [ 0.21957734, 0.8364934 ],
 [ 0.00487983, 0.14772786],
 [-0.17500898,-0.26639018],
 [-0.55306976,-0.76170281],
 [-0.57719145,-0.90573214],
 [-1.21196778,-0.9366143 ],
 [-1.48802433,-0.57102637],
 [ 0.08445909, 0.39468181],
 [ 0.04620067, 1.05454261],
 [ 0.00505474, 0.1433324 ],
 [ 0.026862  , 0.88970577],
 [-0.02698824, 1.11564772]]","[[-3.51232758e-01,-5.33204526e-03],
 [-1.54008290e-01,-1.99857724e-01],
 [ 1.08381347e-01,-1.46263465e-02],
 [-2.97934026e-01, 1.05967279e-01],
 [-9.91036342e-02, 8.44787189e-01],
 [ 6.22543464e-01, 1.43230526e-01],
 [ 6.55700182e-01, 1.15274455e+00],
 [-6.25594428e-02, 3.49322154e-01],
 [ 6.14421566e-01, 3.83090556e-02],
 [-1.06898079e+00, 6.92147316e-01],
 [ 3.18611638e-01, 3.78475653e-01],
 [ 3.44706019e-01, 7.14303212e-01],
 [ 2.75477486e-01, 3.78569732e-01],
 [ 1.14113131e+00, 2.81867741e-01],
 [ 1.66273343e-01,-4.74950898e-01],
 [ 3.42887937e-03, 1.47605532e-03],
 [ 1.38571851e-02,-1.29811869e-01],
 [ 3.02109652e-01, 2.23738549e-01],
 [ 6.92164742e-01, 1.72717042e-01],
 [ 5.73224732e-01, 7.22152082e-02],
 [ 4.97398644e-01, 9.01188348e-01],
 [ 7.60261422e-01, 1.55071890e-01],
 [-1.13259383e-01, 3.42809388e-02],
 [ 1.54503086e+00, 1.87532713e-02],
 [ 1.72751148e-02, 1.48341122e-03],
 [-5.04144290e-01, 3.46137866e-01],
 [-4.08569218e-01, 1.04845923e+00],
 [-6.35603694e-02, 2.68491838e-02],
 [-5.90518947e-02, 5.25383014e-01],
 [ 8.72626646e-01, 5.29485250e-01],
 [-3.25601347e-02, 1.39639571e-01],
 [ 6.89962106e-02, 2.79118114e-01],
 [-2.32220495e-03, 3.93077604e-03],
 [ 3.26808211e-04, 6.87390835e-02]]"
poisson_16_12_3,05,3,12,16,12.199043894421592,7.0859470179856485,"[[-1.57496518e-01, 1.36841575e-01, 2.77499704e-01],
 [ 6.55600175e-02, 6.90988874e-02,-4.56091809e-01],
 [ 1.15951723e-01, 3.89558034e-01,-2.10904194e-01],
 [-1.47244489e-01, 2.65581079e-01,-3.78449846e-01],
 [ 2.30733485e-02,-2.95636176e-02,-6.91176464e-03],
 [-2.14181002e-01,-1.69728011e-02,-1.95697067e-01],
 [ 1.65761986e-01, 7.65024307e-02,-2.56487488e-01],
 [ 1.57410006e-02,-1.23692231e-01, 6.10059389e-01],
 [ 7.39783778e-02,-5.87733095e-02,-6.77951294e-02],
 [ 4.36169379e-02,-6.38646834e-02, 1.41826478e-03],
 [ 1.09639976e+00, 1.94318288e-01, 6.96479307e-01],
 [ 8.72259165e-02,-4.04400964e-01,-1.07502767e+00],
 [-1.43090208e+00,-2.01165709e+00,-3.18565087e-01],
 [ 8.83466287e-01, 7.93098387e-01, 7.06709870e-01],
 [ 2.68036003e-02,-5.48973794e-02,-2.25258494e-01],
 [ 2.94245466e-01, 1.29176858e-01, 1.30735844e-01],
 [ 9.63253890e-01, 1.49991102e+00, 2.34631919e-01],
 [ 8.71365983e-01, 7.34207947e-01, 4.21456573e-01],
 [ 8.30315649e-02, 5.06736535e-02,-6.29147607e-02],
 [-9.45943833e-02,-2.74859665e-01, 1.70429156e-01],
 [ 5.38439666e-02, 8.07860672e-03, 9.97912321e-01],
 [ 2.31152070e-01, 4.43297901e-01,-1.26549986e+00],
 [-2.34297235e-01, 9.06748849e-03,-2.12516696e-01],
 [ 5.11352777e-02, 1.58383064e-01,-7.33004681e-01],
 [ 8.51894630e-01, 7.31024766e-01, 4.09599480e-01],
 [-1.21171293e-01, 1.32966748e-01, 2.75992866e-01],
 [ 1.55671923e-01, 3.89100563e-01,-2.07750317e-01],
 [ 3.00313047e-02,-3.37936930e-02,-1.17546074e-02],
 [-7.12212957e-03, 1.54049358e-01,-6.75687402e-01],
 [-4.26071919e-01, 3.26402377e-02, 5.32806299e-01],
 [ 3.86125288e-02,-8.02518880e-02,-4.62028713e-01],
 [ 1.29385270e-01, 2.56681141e-01,-1.72264402e-01],
 [ 4.77236478e-03,-1.10256738e-01, 6.24230014e-01],
 [ 1.86692658e-01, 5.70901769e-01, 1.26995329e+00],
 [-1.32329944e-01,-2.68763911e-01, 1.31219675e-01],
 [ 1.10123015e+00, 1.83066441e-01, 6.92250635e-01],
 [-2.30375411e-01,-1.08953224e+00, 5.74238583e-02],
 [ 8.99137642e-01, 7.81977722e-01, 7.15073008e-01],
 [ 6.40383218e-02,-5.98118020e-02,-2.65871343e-02],
 [-1.14412216e-01, 4.04613266e-01,-3.94345181e-01],
 [ 2.10714800e-02, 1.01092939e-01, 2.02413401e-01],
 [ 7.26000538e-02, 9.99127488e-03,-6.22526235e-02],
 [ 1.00668794e-01, 2.29974806e-02,-9.22472045e-02],
 [-4.08197616e-01,-1.68086797e-02,-3.36534693e-01],
 [-4.10538287e-01,-9.65153055e-03,-3.18372523e-01],
 [ 1.91714813e-01, 2.52182778e-01,-1.33260306e+00],
 [-2.38993365e-02, 7.42135834e-02,-4.54175155e-01],
 [ 2.94750276e-01, 1.37532027e-01, 1.73042056e-01],
 [ 2.07023547e-02,-1.15059284e-02, 9.44084343e-02],
 [ 4.76537453e-02, 4.13448553e-02,-4.66379595e-02],
 [ 6.50281111e-02, 1.85999571e-02, 9.82002815e-01],
 [ 2.06404729e-01, 4.16764356e-01, 1.42186935e+00]]","[[-7.84177422e-01,-1.85994222e-01, 4.89278381e-01],
 [-6.67680821e-01,-6.68445151e-01,-1.53033724e-01],
 [-1.08126235e-01,-8.38834414e-02, 2.83728269e-01],
 [-7.52436673e-01, 1.47856738e-02, 7.21029337e-02],
 [ 3.83810444e-02, 3.96197428e-01, 3.09444167e-02],
 [ 7.11696299e-01, 4.24670139e-01, 8.96478049e-02],
 [-2.54344170e-01,-7.83572701e-01,-2.46406118e-01],
 [ 9.78872388e-02,-3.78425043e-01, 7.50807373e-01],
 [ 1.16921250e+00, 4.30720525e-03, 1.79299280e-01],
 [-2.64529328e-01,-7.51671806e-01, 6.56343357e-01],
 [-3.93482117e-01, 3.88151156e-01, 3.38897542e-01],
 [ 1.04289006e+00, 1.52036909e-02, 4.25416888e-01],
 [ 9.23853090e-01, 3.65541768e-02, 2.80726950e-01],
 [ 7.21301981e-01, 6.08833138e-01, 9.96123142e-02],
 [ 1.07074717e-02, 5.77878968e-01, 5.88448386e-01],
 [-2.16912604e-03, 1.13788931e-03, 2.37247874e-03],
 [-1.57533355e-01, 2.59002503e-01, 4.92992804e-02],
 [-1.21384186e-01,-1.02663671e-01, 4.83031974e-01],
 [ 4.45445782e-01, 5.58380886e-01, 1.71998693e-01],
 [ 2.72577458e-01, 5.56983931e-01, 1.36126077e-01],
 [ 7.24937251e-02, 1.75343124e-01,-9.98616960e-02],
 [ 1.14265702e-01, 1.70537475e-02, 2.67260662e-01],
 [-5.37759095e-01, 4.02482987e-01, 1.50439056e-01],
 [ 2.26729577e-01,-1.30106913e-02, 1.04390147e-01],
 [-1.07293360e-02, 5.93071271e-03, 4.55855594e-03],
 [-2.56395921e-01, 3.20210752e-01, 2.53403692e-01],
 [ 1.77903529e-01, 4.41114003e-01,-2.43595226e-01],
 [-1.92469354e-01, 1.17143440e-02, 2.99446507e-02],
 [ 4.13200867e-01,-1.53365314e-01, 2.84376734e-01],
 [ 3.86491805e-02, 6.91383668e-01, 4.79497798e-01],
 [ 3.62545837e-02, 1.70543340e-02, 8.55105706e-02],
 [ 7.34011116e-03,-1.09537960e-02,-3.00178843e-01],
 [-1.08656602e-02,-7.77843223e-04, 3.83594612e-03],
 [-2.97398174e-02,-3.68025307e-03, 4.99763510e-02]]"
poisson_16_12_3,06,1,12,16,13.602703511390189,10.745501945120168,"[[ 0.03066317],
 [ 0.42360842],
 [ 0.14011442],
 [-0.10341696],
 [ 0.45266037],
 [-1.65291721],
 [-0.36195668],
 [ 1.08745174],
 [-0.62051038],
 [ 0.31268962],
 [ 0.16156385],
 [ 0.23393251],
 [ 0.13657179],
 [ 0.87848421],
 [-0.08985784],
 [ 0.52536565],
 [ 1.18285727],
 [ 1.89596493],
 [ 1.13744764],
 [-3.00553938],
 [ 1.13322038],
 [-0.47593885],
 [ 0.39241346],
 [ 0.86874226],
 [ 0.17923274],
 [ 0.10001932],
 [ 0.38227467],
 [ 1.05510877],
 [-0.1369093 ],
 [ 2.31404042],
 [ 0.19190214],
 [ 0.07521314],
 [ 0.49148735],
 [ 0.01393579],
 [-0.4298821 ],
 [ 0.31599658],
 [ 0.2072398 ],
 [-0.9005254 ],
 [ 0.18547842],
 [ 0.59836273],
 [-0.37210495],
 [ 1.15266996],
 [ 0.15817897],
 [-0.04123054],
 [ 0.02759786],
 [ 0.02368976],
 [-0.14086355],
 [-0.1037625 ],
 [-2.2116936 ],
 [-2.02706443],
 [ 0.56662725],
 [ 0.17901096],
 [ 0.20690122],
 [ 0.50760783],
 [ 0.09233444],
 [ 0.51039419],
 [ 0.41903618],
 [ 0.1697821 ],
 [-0.02813434],
 [ 0.09855451],
 [-0.14884825],
 [ 0.07558586],
 [ 0.1001993 ],
 [ 0.32040376],
 [ 0.18322902],
 [ 0.19943107],
 [ 0.32657591],
 [-0.89282469],
 [ 0.24884853],
 [-0.61421519],
 [-0.20196893],
 [-0.12937384],
 [ 0.09208139],
 [ 1.1817529 ],
 [ 0.1432789 ],
 [ 0.84928586],
 [-0.6313508 ],
 [-2.61715756],
 [ 1.07689301],
 [ 0.34686839],
 [ 1.87145551],
 [-0.17118768],
 [-0.20853206],
 [ 1.06072329],
 [ 1.19086333],
 [ 0.50869516]]","[[-2.74109211e-01],
 [ 6.87077118e-02],
 [-3.62741999e-02],
 [ 4.34784771e-03],
 [ 1.14847856e-02],
 [-3.71530519e-03],
 [-1.43926150e-02],
 [ 6.54252853e-01],
 [ 1.36672707e-03],
 [ 1.28947277e-02],
 [ 7.12755720e-01],
 [ 2.81089461e-01],
 [-1.64801950e-01],
 [ 7.04955740e-01],
 [ 3.12402682e-02],
 [ 5.81143136e-01],
 [-2.79086941e-01],
 [-5.91140994e-02],
 [ 6.93584978e-01],
 [-2.85979743e-01],
 [ 4.81811624e-02],
 [-2.41117074e-01],
 [-4.73754294e-01],
 [ 2.08238075e-03],
 [-2.57511039e-01],
 [ 1.56418544e+00],
 [ 1.95092800e-01],
 [-5.21140536e-01],
 [-1.53440188e-01],
 [-2.65749598e-01],
 [-4.63271423e-02],
 [ 8.97673559e-01],
 [ 1.34312715e-01],
 [ 5.59922776e-01],
 [-5.57211161e-03],
 [-1.02715668e-01],
 [ 3.24263367e-01],
 [ 2.23928411e-01],
 [-2.19974938e-02],
 [ 7.71118321e-01],
 [-9.73797830e-02],
 [ 1.79700643e-02],
 [-1.31652537e-02],
 [ 1.07898625e+00],
 [ 7.67612543e-03],
 [ 1.56792170e-01],
 [ 1.43830298e+00]]"
poisson_16_12_3,06,2,12,16,13.541394461068144,10.113974498006993,"[[ 3.24465632e-01, 1.92110788e-01],
 [ 3.07300306e-01, 4.53082741e-01],
 [ 1.21994911e-01, 1.77274486e-01],
 [-2.48137198e-01,-4.91984297e-02],
 [-2.27061035e-02, 3.69563825e-01],
 [-3.12574155e-01,-6.75844293e-01],
 [-2.50011607e-01,-2.75673888e-01],
 [ 1.14761069e+00, 6.86223409e-01],
 [-1.38200435e+00,-9.64508380e-01],
 [-9.80959890e-02,-5.34331505e-01],
 [ 1.24933255e-01, 1.72010317e-01],
 [ 5.77712348e-01, 4.99917972e-01],
 [ 3.16201120e-01, 2.51647430e-01],
 [-1.01923461e-01, 6.23711476e-01],
 [-2.89344245e-01,-6.33932878e-02],
 [ 5.60310381e-02, 3.42827039e-01],
 [ 4.50629282e-01, 8.09957998e-01],
 [ 3.10411938e-02, 8.95167843e-01],
 [-8.70360774e-01,-2.96829124e-01],
 [ 2.95066861e-01,-1.43695413e+00],
 [ 4.67475033e-02,-4.36319174e-01],
 [ 1.08663843e+00,-4.07402165e-01],
 [ 2.64288492e-01, 3.65121140e-01],
 [ 4.65298081e-02, 8.11046032e-02],
 [-1.61897309e-02, 3.01809225e-01],
 [ 1.14454367e-01, 4.60885133e-01],
 [ 2.41730253e-01, 3.87018393e-01],
 [ 1.16473696e+00, 6.42174039e-01],
 [-1.50478923e-01, 3.45533874e-01],
 [ 1.37220411e+00, 9.16604610e-01],
 [-5.76522666e-02, 3.06834827e-01],
 [ 1.75675348e-01, 6.80492579e-03],
 [ 3.50060297e-04, 3.59537539e-01],
 [ 2.21736367e-01, 1.52485787e-01],
 [-3.81062241e-01,-1.68418597e-01],
 [ 1.26182260e-01,-1.00943816e+00],
 [ 5.55766064e-01, 4.37519253e-02],
 [-2.21910463e-01, 6.54298607e-01],
 [ 1.20002728e+00, 2.64046976e-01],
 [ 7.56456278e-01,-3.95302276e-01],
 [-2.64249125e-01,-2.87040206e-01],
 [ 4.55890885e-01, 8.52349411e-01],
 [ 1.60678446e-01, 1.66609942e-01],
 [ 1.74471043e-01,-4.90028222e-01],
 [-1.00384569e-01,-4.29554020e-01],
 [ 1.43433085e-01, 2.40803373e-01],
 [ 7.83375587e-02,-4.62782201e-02],
 [ 1.22980439e-01,-4.82198070e-01],
 [ 9.88236883e-01,-6.87056814e-01],
 [ 2.40613385e-01,-2.00348705e-01],
 [ 7.51322240e-01,-4.33141039e-01],
 [ 2.20647178e-01, 1.80869154e-01],
 [-5.32591958e-02, 2.88739000e-01],
 [ 5.94429050e-01,-3.03409043e-01],
 [ 1.15817317e-01, 4.54729874e-01],
 [ 5.46451452e-02, 3.29608281e-01],
 [ 2.31742697e-01, 3.94867307e-01],
 [ 3.00687127e-01, 2.45597947e-01],
 [ 8.32467545e-02, 8.16725302e-01],
 [ 1.38316031e-06,-5.15091195e-01],
 [-6.91656597e-03, 3.58780479e-01],
 [-6.79693611e-03, 4.95049048e-02],
 [ 7.60398922e-02,-3.65399832e-01],
 [ 1.97977509e-01, 2.16085688e-01],
 [ 2.23821402e-01, 1.84922314e-01],
 [ 2.92769771e-01, 4.19161882e-01],
 [ 1.84173000e-01, 2.19416404e-01],
 [-2.06069476e-01, 6.11948714e-01],
 [ 2.19621533e-01,-7.36417415e-01],
 [-6.50275212e-01,-2.82426621e-01],
 [ 9.37723180e-01,-1.32386411e-01],
 [-1.68424332e-01, 3.39963949e-01],
 [ 5.95297220e-02, 5.03080640e-01],
 [ 1.09376156e-01,-2.36401558e-01],
 [-1.47691265e+00,-1.39688532e-02],
 [-1.00827333e-01, 6.34605834e-01],
 [-6.68431449e-01,-2.91600170e-01],
 [-2.09020823e+00,-1.04170913e+00],
 [ 1.17538769e+00, 6.84467821e-01],
 [ 1.82235849e-01,-1.18102274e-01],
 [ 3.77041269e-02, 9.03086496e-01],
 [ 2.25475947e+00, 1.62611276e+00],
 [ 2.40442153e+00,-3.41953372e-01],
 [ 1.15010005e+00, 6.82326644e-01],
 [ 4.49652955e-01, 8.09925385e-01],
 [-1.00020072e-01, 8.96847729e-01]]","[[-0.62962357,-1.53803828],
 [ 0.36162141, 0.15766253],
 [ 0.22237164, 0.12173967],
 [-0.04115819, 0.02211805],
 [ 0.22221479, 0.29571043],
 [-1.45782643, 0.053868  ],
 [-0.00941408,-0.080868  ],
 [-0.027155  , 0.36020333],
 [ 0.34622843,-0.00615831],
 [-0.20596305,-0.02679692],
 [ 0.79392217, 0.02286284],
 [ 0.34762941, 0.05358656],
 [ 0.2544279 , 0.51850086],
 [-0.30634535, 0.35904181],
 [ 0.09494984, 0.01432686],
 [-0.49529412, 0.54962996],
 [-0.16391134,-0.20373265],
 [ 0.33042212, 0.37720358],
 [ 0.22805972, 0.99336615],
 [-0.57960203,-0.35924823],
 [-0.11050541, 0.60173076],
 [ 0.23960991, 0.00167628],
 [ 0.19543798, 0.2065073 ],
 [ 0.22428335, 0.02810379],
 [-0.19643543,-0.04878239],
 [ 0.46739216, 0.13835017],
 [ 0.16251965, 0.05676967],
 [-0.26643428, 0.10095042],
 [ 0.19207753, 0.00836796],
 [-0.29479465,-0.31952865],
 [ 0.87103647, 0.9539468 ],
 [ 0.68139688, 0.20732777],
 [ 0.13219232, 0.02217136],
 [ 0.0529186 , 0.21590603],
 [-0.03951581, 0.03940316],
 [-0.23656878,-0.105104  ],
 [ 0.31660381, 0.57114125],
 [ 0.14388236, 0.08185833],
 [-0.2653773 ,-0.02823101],
 [ 0.48867324, 0.11551857],
 [ 0.18200693,-0.13213587],
 [ 0.06450596, 0.05797261],
 [-0.04418019, 0.69242118],
 [ 0.39466506, 1.18419454],
 [-0.04859251, 0.00344922],
 [ 0.28223005,-0.00914773],
 [-0.07564597, 0.64024374]]"
poisson_16_12_3,06,3,12,16,13.435119970729543,10.03029857499585,"[[ 7.26007444e-02, 2.20716948e-01, 5.59665651e-01],
 [ 5.22343312e-02,-1.47318866e-02, 9.25377380e-01],
 [ 1.39215910e-01, 1.87079213e-01, 2.13595317e-01],
 [-1.59091286e-01,-1.68281281e-01, 2.97204568e-02],
 [ 7.55814278e-02, 1.36928541e-01, 6.38059791e-01],
 [-7.92098773e-01,-1.14940751e+00,-6.61105189e-02],
 [-1.58054854e-01, 9.40627553e-02,-6.81549451e-01],
 [ 9.68867322e-01, 4.17278974e-01, 3.37431039e-01],
 [-1.51674951e+00,-7.31497583e-01,-4.26990308e-01],
 [ 3.45908604e-02,-2.13286302e-01, 6.32535788e-01],
 [ 1.38935146e-01, 1.77931895e-01, 2.59316891e-01],
 [ 3.35456607e-01, 5.48893604e-01, 4.98087651e-01],
 [ 4.97549919e-01, 1.48000402e-01, 3.89113858e-01],
 [ 6.40997371e-01, 3.19879782e-01, 2.33901997e-01],
 [-1.84609580e-01,-1.74488761e-01, 5.57914810e-02],
 [ 1.35324561e-01,-8.69925758e-02,-9.59058228e-04],
 [-2.84249240e-02, 3.96145009e-01, 1.39190504e-01],
 [-1.83707778e-02, 2.11919864e-01, 7.19891092e-01],
 [-1.58355925e-02,-1.15453606e+00,-8.18217885e-01],
 [ 1.65813337e-01,-3.48921052e-01,-1.46586705e-01],
 [-4.93129729e-01,-3.08057400e-01, 1.36461446e+00],
 [-3.36335370e-02, 4.63755536e-01, 4.21419152e-01],
 [ 7.24931992e-02, 2.62935754e-01, 3.90884197e-01],
 [-2.97731815e-02, 1.76977813e-01, 1.00209231e+00],
 [ 3.77789574e-02, 1.54509046e-01, 4.33086098e-01],
 [ 1.80941583e-01, 6.24284452e-01, 6.69028414e-01],
 [ 5.84891470e-02, 2.71891632e-01, 3.89997069e-01],
 [ 9.90500074e-01, 4.63189613e-01, 3.24010804e-01],
 [-2.08682299e-01, 1.14873900e-02, 6.21732949e-01],
 [ 8.03941757e-01, 7.82785063e-01, 9.76043841e-01],
 [ 1.85284471e-02, 1.67050285e-01, 4.25939025e-01],
 [ 4.46049336e-02, 2.18823969e-01, 1.62062648e-01],
 [ 8.71178051e-02, 1.32391636e-01, 6.09905277e-01],
 [-7.40477859e-01, 2.40580465e-01, 7.83044581e-01],
 [-1.63846883e-01, 1.59967380e-01, 7.44530908e-01],
 [-2.09163494e-01, 1.67849188e-01,-1.02505755e+00],
 [-3.73510082e-01,-6.45232785e-01, 3.45203582e-03],
 [-3.02305317e-01, 2.39478569e-02, 1.99551004e-01],
 [ 7.26860348e-01, 6.12449265e-01, 6.20734855e-01],
 [ 2.09046287e-01, 2.84894259e-01, 5.91000985e-01],
 [-1.55253751e-01, 1.04191786e-01,-7.20155032e-01],
 [ 4.50090153e-03, 3.57580579e-01, 1.41377836e-01],
 [ 1.20862964e-01, 1.70908031e-01, 2.13571885e-01],
 [ 3.64276320e-02,-3.01387322e-01,-3.12639990e-01],
 [-4.57056091e-02,-3.15848582e-01,-3.32976328e-01],
 [-1.80941588e-01,-1.44919944e-01, 1.40748613e-01],
 [-2.04459264e-02,-2.06703329e-01,-7.16527802e-01],
 [ 8.52143549e-03,-3.27999246e-01,-3.17993564e-01],
 [ 8.77559501e-02, 2.66708862e-01, 1.27252922e-01],
 [-1.15288658e-02, 5.63920237e-02,-6.24094884e-02],
 [ 2.08316437e-01, 3.01414669e-01, 5.88647979e-01],
 [ 1.11774755e-01, 3.92479061e-01, 1.40030412e-01],
 [ 3.76740552e-02, 1.57712678e-01, 4.28260652e-01],
 [ 7.20756298e-01, 2.01487117e-01, 2.98484183e-01],
 [ 2.00099503e-01, 6.60973195e-01, 6.45787520e-01],
 [ 1.35895698e-01,-5.97368954e-02,-2.49752838e-02],
 [ 4.55987424e-02, 2.80737855e-01, 3.86411838e-01],
 [ 4.59558383e-01, 1.21791581e-01, 3.70001757e-01],
 [ 9.55311734e-02, 3.94585192e-01, 4.92174943e-01],
 [ 5.38660517e-02,-5.90787458e-01,-5.61035965e-01],
 [ 8.58494723e-03,-2.16881717e-02, 8.46688959e-01],
 [ 1.07275337e-01, 1.36337206e-01, 3.32445173e-01],
 [ 6.74715858e-02, 1.98670320e-02,-7.74450251e-01],
 [-5.27019718e-02, 6.66894133e-02, 1.02519359e-01],
 [ 1.12631962e-01, 3.53951741e-01, 1.21770858e-01],
 [ 1.83396298e-01, 5.19963729e-01, 6.00951992e-01],
 [-4.26496098e-02, 6.34396024e-02, 1.15723488e-01],
 [-2.84956642e-01, 4.12398580e-02, 2.26848561e-01],
 [-4.52479552e-01,-1.60105208e-02, 6.95811993e-01],
 [-6.03814741e-01,-7.84966095e-02, 3.23301308e-01],
 [-3.14767301e-01,-8.77851853e-02,-8.54508306e-02],
 [-2.31623360e-01, 3.63760282e-02, 6.32168954e-01],
 [-6.40838216e-02,-3.47045376e-02, 3.68716435e-01],
 [-4.47960839e-01,-1.45666868e-01,-2.69690483e-01],
 [-3.28044736e-01,-4.72017770e-01,-2.86443484e-01],
 [ 6.35173452e-01, 3.08768891e-01, 2.24640881e-01],
 [-5.88400209e-01,-4.51224620e-02, 3.06019770e-01],
 [-4.71446241e-01,-9.18179866e-01,-6.69815082e-01],
 [ 9.64745791e-01, 4.62214719e-01, 3.31583617e-01],
 [-2.02961050e-01, 6.21041579e-01, 4.97625371e-01],
 [ 2.22982790e-02, 2.09379268e-01, 7.36195513e-01],
 [ 9.79525371e-01, 1.42539679e+00, 1.62031524e+00],
 [ 1.68927294e+00, 6.59254886e-01, 9.32581616e-03],
 [ 9.89210558e-01, 4.21504534e-01, 3.39101393e-01],
 [-7.24313152e-03, 3.49919485e-01, 1.49857873e-01],
 [-1.10844893e+00, 1.14807571e+00, 1.63889452e-01]]","[[ 8.37436359e-01,-1.31045552e+00,-6.51740139e-01],
 [ 4.87528588e-01, 2.82817083e-01, 2.17104547e-01],
 [ 2.31348520e-01, 9.09393600e-02, 4.26635161e-02],
 [ 5.42897503e-02,-6.78636838e-03, 7.28356051e-02],
 [ 3.16990176e-01, 1.48210742e-01, 4.04131312e-02],
 [ 6.97901500e-03, 1.30161014e-02, 8.57334909e-04],
 [ 2.13250230e-01,-1.15130904e-01, 3.07018173e-01],
 [ 2.84832464e-01, 3.57436689e-01, 1.97060797e-01],
 [ 2.80666281e-01, 1.27257845e-01, 8.39693204e-02],
 [-1.91683985e-02, 4.49515438e-03, 2.95665856e-02],
 [ 4.60403003e-01, 2.67310272e-01, 6.41662771e-02],
 [ 4.93562739e-02, 1.48068060e-01, 1.80201100e-01],
 [ 2.52126599e-01, 2.29136395e-01,-6.47112990e-01],
 [ 2.62822539e-01, 1.01440914e-01, 1.29015074e-01],
 [ 1.28323348e-01, 8.15145392e-02, 8.36193640e-02],
 [ 2.50181445e-01, 7.90080717e-02, 1.63792162e-01],
 [ 5.25428798e-02,-2.77614538e-01,-4.48914278e-01],
 [ 2.43739416e-01, 5.00871260e-01, 4.12972930e-01],
 [ 4.37986269e-01, 8.00786482e-01, 2.90686068e-01],
 [-8.84376665e-01,-2.44495677e-01, 1.97132116e-03],
 [ 1.45998537e-01, 2.95751170e-01, 3.15745600e-01],
 [ 2.95470481e-01, 2.70255548e-02, 9.48587623e-03],
 [-1.41806336e-02,-4.62590804e-01,-1.28520391e-01],
 [-1.14563062e-02,-2.70775993e-03, 1.01008092e-05],
 [-3.62843904e-01, 1.49376694e-01, 4.74037836e-02],
 [ 1.77407857e-01, 2.75109503e-01,-8.73631421e-02],
 [ 3.17793775e-01, 1.50857749e-01, 7.69859253e-02],
 [ 2.70788408e-01,-8.06133034e-02, 9.13511570e-02],
 [ 6.15740367e-03,-2.26309353e-03, 2.80685998e-03],
 [ 6.99427520e-02,-9.77231369e-02, 1.66796657e-01],
 [ 4.86429693e-01, 2.09626877e-01, 4.43563634e-01],
 [ 5.25198704e-01, 5.20054189e-01, 3.63735331e-01],
 [ 1.77374171e-01, 3.28021289e-02, 4.58947582e-03],
 [ 1.17581428e-01, 1.28236732e-01,-9.37886546e-02],
 [-1.27212585e-02,-2.88180997e-03,-1.36063695e-03],
 [-6.29860968e-01, 5.92442870e-02, 4.00062484e-02],
 [ 2.62269254e-01, 3.95400137e-01, 3.07979349e-01],
 [ 1.29816291e-01, 2.79423343e-02, 1.24078083e-02],
 [ 3.18435015e-02,-5.78606610e-02,-9.01028875e-02],
 [ 2.45094612e-02, 9.92074311e-02, 8.13243756e-03],
 [ 2.82555594e-01, 1.26825560e-01,-1.86294702e-01],
 [-4.72286023e-03, 1.20094439e-03, 4.58261520e-03],
 [-4.16385220e-01, 5.90636714e-01,-3.45728854e-02],
 [ 9.42874844e-02,-1.65729401e-01, 4.70523948e-01],
 [ 3.15160878e-02,-1.28822387e-04, 1.01126485e-03],
 [-5.07154465e-03, 1.39368339e-02, 2.70634580e-01],
 [ 1.16195168e-02, 5.01979757e-02, 2.95038382e-01]]"
poisson_16_12_3,07,1,12,16,12.509447313397418,9.770236589346965,"[[ 1.26665559],
 [ 2.28358061],
 [ 1.20370401],
 [-1.20342004],
 [ 0.22206036],
 [ 0.10781661],
 [-1.78785751],
 [ 0.37740437],
 [-1.25496546],
 [ 0.44341298],
 [ 0.02878541],
 [ 0.44335862],
 [-0.11372752],
 [-0.64567444],
 [-0.22028214],
 [ 0.57579766],
 [ 2.99281212],
 [ 1.31088156],
 [ 0.31817597],
 [ 0.27449498],
 [ 0.77652806],
 [-0.18997692],
 [ 0.68388385],
 [ 0.63053222],
 [-0.96191887],
 [-0.95908673],
 [ 0.84500863],
 [ 0.092046  ],
 [ 0.39842711],
 [-0.64634391],
 [-0.10252536],
 [-1.81028687],
 [-1.31672903],
 [ 1.16555359],
 [ 0.26561964],
 [ 1.30412625],
 [ 0.87131963],
 [ 0.45746603],
 [ 0.23590219],
 [ 0.60148447],
 [ 0.48374638],
 [-0.65842181],
 [-0.14405979],
 [ 0.42277222],
 [ 0.50053986],
 [-1.29654354],
 [ 0.74739928],
 [-0.06729738],
 [ 0.29237076],
 [ 0.75633599],
 [ 0.28582363],
 [ 0.86264332],
 [-0.23035734],
 [-0.12441991],
 [ 0.00680176],
 [-0.12222091],
 [ 0.74525417],
 [-0.04425483],
 [ 0.30894422],
 [ 0.42268322],
 [ 0.95288436],
 [ 0.79672508],
 [-0.14277546],
 [ 0.42354237],
 [ 0.67461601],
 [ 0.29836768],
 [-0.14977008],
 [-1.96494388],
 [ 0.36541881],
 [ 1.16160286],
 [ 1.18722439],
 [-0.11623454],
 [ 0.23082739],
 [ 0.24551721],
 [-0.11666365],
 [ 0.27810912],
 [ 2.16161157],
 [-0.20500615]]","[[ 0.08131089],
 [-1.87648737],
 [ 0.04525276],
 [ 0.49774825],
 [-0.0058974 ],
 [ 0.12619852],
 [-0.53680918],
 [-0.44601598],
 [ 0.10917754],
 [ 0.48292192],
 [ 0.02456659],
 [ 0.12939896],
 [ 0.5551673 ],
 [ 0.20287986],
 [ 0.4359654 ],
 [ 0.04075317],
 [-0.02406717],
 [-0.02318094],
 [ 0.06478013],
 [ 0.94082022],
 [ 0.07939523],
 [ 0.47952061],
 [ 0.04219178],
 [-0.22214633],
 [-1.27216445],
 [ 0.44790843],
 [ 0.62679658],
 [ 0.29305682],
 [-0.31270516],
 [ 0.20304594],
 [ 0.26816193],
 [ 0.20377007],
 [ 0.54609603],
 [-0.1091155 ],
 [ 0.17840417],
 [ 0.35180029],
 [-0.85641756],
 [ 0.12395235],
 [ 0.38883827],
 [ 0.1549331 ],
 [ 0.78237931],
 [ 0.39834173]]"
poisson_16_12_3,07,2,12,16,12.444963733103824,8.309391004799688,"[[-1.45479638, 1.4743603 ],
 [-0.19056544, 2.24242595],
 [ 0.83976021, 1.90896745],
 [ 1.56202761,-1.92751793],
 [-0.14885339, 0.68301328],
 [ 0.18628805,-0.27273791],
 [ 0.63673811,-0.58052251],
 [-0.040634  ,-0.4192023 ],
 [ 0.2330052 ,-0.54686713],
 [ 0.47025196,-0.0107329 ],
 [ 0.35156433,-1.43998366],
 [ 0.57569887, 1.93022972],
 [ 0.3067413 , 0.03659861],
 [ 0.56991174, 0.39122352],
 [ 0.05582433,-0.65725714],
 [ 0.1662588 , 0.48277483],
 [ 1.60993329, 1.41296998],
 [ 1.23625093, 1.21204087],
 [ 0.09070452, 0.49271235],
 [ 1.33635125, 0.15190889],
 [ 0.99653752, 0.44448881],
 [ 0.6592986 , 0.44342285],
 [-0.31590896,-0.53379731],
 [-0.01268101,-0.26681199],
 [ 1.51460459,-0.63195673],
 [ 0.55006681,-0.11798864],
 [ 0.78779557, 0.14184604],
 [ 0.05890764,-0.12495599],
 [ 0.11207416, 0.1576959 ],
 [-0.41951719,-2.34610924],
 [-0.02371358, 0.4212676 ],
 [ 0.63522738,-0.55887261],
 [-0.24004814,-0.72863641],
 [ 0.52160181, 0.56192962],
 [ 1.33913995, 0.15882019],
 [ 0.09567273, 0.56767828],
 [ 0.75392966, 0.15070204],
 [ 0.03544711, 0.39316515],
 [-0.16577435, 0.70976323],
 [ 0.13451475, 0.38391366],
 [ 0.48470198,-0.04064577],
 [-0.42491894,-2.33427979],
 [-0.0315311 , 0.45556355],
 [ 0.01364325, 0.38048446],
 [ 0.19677088,-1.14622645],
 [-0.25376217,-0.72747908],
 [ 0.12976926, 0.89621014],
 [ 0.10800823, 0.68743367],
 [ 0.10603916, 0.50489147],
 [-0.18954776, 0.01969108],
 [ 0.34212945, 0.61174534],
 [-0.21566413, 0.15053435],
 [ 0.08784263, 0.57485291],
 [ 0.33812843, 0.15062285],
 [ 0.0738306 ,-0.40143901],
 [-0.10031867, 0.54752093],
 [ 0.13798706, 0.89032467],
 [ 0.07324625, 0.66552038],
 [ 0.34239821, 0.62725965],
 [ 0.11277832, 0.14035542],
 [ 1.10673859, 0.23901836],
 [ 1.00104792, 0.45367221],
 [ 0.02725362, 0.46723096],
 [ 0.12245441, 0.16221637],
 [-0.31109033,-0.52297332],
 [ 0.09726995, 0.49716892],
 [ 1.38750862, 0.07619979],
 [-1.87948619,-0.29016562],
 [ 0.12809015,-0.10933137],
 [ 0.51343055, 0.56490288],
 [ 1.48035559, 0.87055624],
 [-0.04614508, 0.43567872],
 [ 1.26136102, 0.64091048],
 [-0.16414435, 0.68491821],
 [ 1.42926733, 0.09981423],
 [ 0.04464997, 1.90334693],
 [ 1.73521423, 1.61912038],
 [-0.26184824,-0.87025051]]","[[ 0.34964929,-0.04579898],
 [-1.51974594, 0.33342115],
 [ 0.01853572,-0.18346105],
 [ 0.06152859, 0.13233108],
 [-0.07347567, 0.01939035],
 [-0.16137196,-0.17399454],
 [-0.8122167 ,-0.99446611],
 [ 0.83113504, 0.45006422],
 [ 0.22178994, 0.12451269],
 [ 0.30190652, 0.25877563],
 [ 0.27436591,-0.44018039],
 [ 0.20177333, 0.20512951],
 [ 0.79068947, 0.40868673],
 [ 0.27441513, 0.110383  ],
 [ 0.22433991, 0.00420225],
 [-0.3755392 , 0.15007657],
 [-0.76242225, 0.1252425 ],
 [-0.11251174, 0.17933655],
 [ 0.6073261 ,-0.0496209 ],
 [ 0.63562858, 0.21537253],
 [-0.55608643,-0.77110625],
 [ 0.54595518, 0.26889977],
 [-0.24158794, 0.21565055],
 [ 0.21268221, 0.22687839],
 [-0.39456738, 0.20465648],
 [ 0.59482207, 0.8321509 ],
 [ 0.40494694, 0.25993628],
 [ 0.06404671, 0.1883822 ],
 [ 0.91353726, 0.04267354],
 [ 0.1546202 , 0.65502881],
 [-0.43123551, 0.21961733],
 [ 0.01363768, 0.1375332 ],
 [ 0.35544101, 0.18314767],
 [-0.33521357,-0.40220485],
 [ 0.15056018, 0.05944408],
 [ 0.31598571, 0.11305274],
 [-0.22830041, 0.02148663],
 [ 1.21447339, 0.3866738 ],
 [-0.19741066, 0.00981922],
 [ 0.62515486, 0.4554431 ],
 [ 0.39302105, 0.14434568],
 [ 0.49344152, 0.61509836]]"
poisson_16_12_3,07,3,12,16,12.342617120259524,8.053086883290034,"[[-1.17578251,-0.09275059, 0.8401991 ],
 [ 0.1015232 , 1.79773913, 0.91354914],
 [ 0.57564405, 1.16957566, 0.93289403],
 [-0.10385164,-1.12067992,-0.74656386],
 [ 0.09652803, 0.15372425, 0.63262281],
 [ 0.26108878,-0.65613009, 0.0101337 ],
 [ 0.34816234, 0.41105782,-0.63649912],
 [-0.30220241,-0.63313512, 0.02974011],
 [ 1.02914733,-0.52067527,-0.67563811],
 [ 0.16159373, 0.20099845, 0.20731051],
 [-0.0169654 , 0.00485597, 0.02813897],
 [-0.13702265, 0.56126301, 0.36976211],
 [-0.30345233, 0.77007125,-0.1263942 ],
 [ 0.29165076, 0.07037782, 0.65529431],
 [ 0.15604265,-0.46781631,-0.61912343],
 [ 0.12217474, 0.03320899, 0.36251365],
 [ 0.48041389, 0.9005494 , 1.07018543],
 [ 0.51554155, 1.1422097 , 0.74830832],
 [ 0.10332679, 0.08280459, 0.40051345],
 [ 0.24071441, 0.1276178 , 0.40720775],
 [ 0.43108669, 0.70207637, 0.84019816],
 [ 0.25706405, 0.35711239, 0.50775632],
 [-0.6174539 ,-0.09481179,-0.07086501],
 [ 0.23937102, 0.06242978,-0.20866003],
 [ 0.24606908, 0.26025227,-0.884487  ],
 [-0.2356434 , 0.48213273,-0.09789571],
 [ 0.56242132, 0.13386682, 0.6093233 ],
 [-0.05584894, 0.09926519,-0.02435648],
 [ 0.07091068, 0.02811628, 0.10581106],
 [-0.0370592 ,-0.15752608,-0.63726524],
 [ 0.17348103, 0.10453789, 0.03010038],
 [ 0.34436705, 0.41275673,-0.62865025],
 [ 0.16776136,-0.31336305,-0.99373358],
 [ 0.15820384, 0.60827087, 0.79176325],
 [ 0.25661663, 0.09431168, 0.38114092],
 [-0.00814187, 0.06790995,-0.06313674],
 [ 0.6083759 , 0.16260211, 0.62610161],
 [ 0.06546376, 0.10801984, 0.48878741],
 [ 0.0988628 , 0.18942867, 0.61992239],
 [ 0.21860596, 0.2435736 ,-0.50374789],
 [ 0.16404751, 0.21619857, 0.19240804],
 [-0.05597203,-0.1606891 ,-0.63083245],
 [ 0.18962272, 0.11074215,-0.00444432],
 [ 0.06352553, 0.14795637, 0.48859217],
 [ 0.23599567,-0.51842069,-0.98936277],
 [ 0.17585073,-0.34562606,-1.00085776],
 [ 0.21471205,-0.14615621, 1.00749829],
 [ 0.09695878, 0.10282963, 0.70989671],
 [ 0.06155691, 0.04686427, 0.37723836],
 [ 0.49105068, 0.63263646, 0.77409273],
 [ 0.21749801, 0.14912039, 0.80567507],
 [-0.03690436, 0.05007508,-0.15112722],
 [ 0.0463765 , 0.03549019,-0.34349215],
 [-0.08312051,-0.11962057,-0.59461558],
 [-0.01117661,-0.01636137,-1.01738591],
 [-0.11578932, 0.35830678,-0.50938483],
 [ 0.21084228,-0.10930107, 1.04224282],
 [ 0.1293794 , 0.136029  , 0.7409646 ],
 [ 0.2405523 , 0.13062184, 0.78871996],
 [ 0.06190871, 0.04193907, 0.11896225],
 [ 0.49129392, 0.91430597, 0.49743358],
 [ 0.41939222, 0.7212469 , 0.82370314],
 [ 0.08047602, 0.07607273, 0.18526285],
 [ 0.05257235, 0.01803368, 0.13010946],
 [-0.60874797,-0.08892452,-0.03271183],
 [ 0.08283268, 0.0545503 , 0.40134185],
 [ 0.66420875, 0.29439466, 0.59202073],
 [-1.94071053,-0.5755673 ,-0.03614115],
 [ 0.03956198, 0.00535825, 0.10339403],
 [ 0.15499937, 0.61363324, 0.79472268],
 [ 1.4321655 , 0.82078458, 0.36657833],
 [ 0.21372514, 0.1052206 , 0.03166627],
 [ 1.11469182, 0.50692299, 0.45630103],
 [ 0.09714708, 0.19688915, 0.62095937],
 [ 0.65128452, 0.26651775, 0.58260942],
 [ 0.00233577, 0.75171982, 0.36020032],
 [ 1.43704827, 1.16294359, 0.79744458],
 [-0.08944701,-0.26861637,-0.58330414]]","[[ 0.50368739, 0.05792518, 0.39140134],
 [-1.49257406,-1.16262324, 1.01578471],
 [-0.0491796 ,-0.73208002, 0.22640833],
 [-0.11284271, 0.71231488, 0.23795545],
 [-0.08058709, 0.09084401, 0.04251147],
 [ 0.06386836, 0.04457077, 0.10362146],
 [-1.25143616,-0.62358592, 0.29772742],
 [ 1.01284212, 0.6039705 ,-0.57663784],
 [ 0.07806392, 0.05478521, 0.07935742],
 [ 0.07071289, 0.06194152, 0.12795539],
 [ 0.21650613,-0.15739693,-0.46813119],
 [ 0.50621219, 0.12638502, 0.00626139],
 [-0.78299066,-0.11077402, 0.7555533 ],
 [ 0.4055536 , 0.26564658, 0.01475612],
 [ 0.26659041, 0.20904967, 0.10936003],
 [ 0.10452666,-0.06071617, 0.0475432 ],
 [ 0.61475555, 0.08882311,-0.23409967],
 [ 0.15791521,-0.54407158,-0.07269515],
 [ 0.33984885, 0.18462281, 0.03804964],
 [ 0.20752052,-1.15926341,-0.58671048],
 [-0.11728075,-0.11475463,-0.74345329],
 [ 0.4431687 , 0.04085478, 0.10636172],
 [-0.58478292, 0.20561877, 0.11627228],
 [ 0.03718695, 0.06561567, 0.11465361],
 [ 0.21467801,-0.56081772, 0.17920251],
 [-0.32883156, 0.46967926, 0.03526568],
 [-0.05185708, 0.28558134, 0.64618157],
 [ 0.33827699, 0.02039449, 0.26151782],
 [-0.54132049, 0.11767078,-0.27743766],
 [ 0.36906133, 0.31053724, 0.23250724],
 [ 0.43611176,-0.26975604, 0.08079428],
 [ 0.05775544,-0.02059813, 0.02894976],
 [ 0.72835672, 0.10216134, 0.02208799],
 [-0.16944562,-0.6679877 ,-0.08756534],
 [ 0.0984895 , 0.03679768, 0.18776592],
 [ 0.52636464, 0.61497393, 0.54051339],
 [ 0.36703411, 0.45817215,-0.36510721],
 [ 0.90799504, 0.3905309 ,-0.32014413],
 [-0.04465243,-0.0809637 , 0.05577674],
 [ 0.81735517,-0.03979619, 0.21986525],
 [ 0.12727479, 0.03879961, 0.11974733],
 [ 0.30185974, 0.33565201, 0.43241846]]"
poisson_16_12_3,08,1,12,15,11.772009247224522,8.069835923321879,"[[ 7.82891347e-02],
 [-6.29987204e-01],
 [-2.97304365e-02],
 [ 5.95739758e-02],
 [ 1.91758718e+00],
 [-1.49792127e+00],
 [ 1.39926374e-01],
 [ 2.37878210e-02],
 [ 1.68064825e-01],
 [ 5.07364323e-02],
 [ 1.75115860e-02],
 [ 6.38937747e-02],
 [-4.18137139e-02],
 [ 1.92319980e-01],
 [ 1.01704745e+00],
 [ 5.74839604e-02],
 [ 2.10591307e-01],
 [-2.39007410e+00],
 [-1.47327007e+00],
 [ 5.41528265e-01],
 [ 2.21381068e-02],
 [ 2.84515731e-01],
 [-3.74807501e-02],
 [ 6.63103569e-01],
 [ 1.39829898e+00],
 [ 5.14434925e-02],
 [ 6.52806851e-01],
 [ 1.00387152e+00],
 [ 2.10459265e-01],
 [ 1.96943892e-01],
 [-1.78305438e+00],
 [-1.48384003e+00],
 [ 7.02964024e-01],
 [ 1.31824614e-03],
 [ 8.52638197e-01],
 [ 2.18896465e-01],
 [ 1.61390728e-01],
 [ 6.45713068e-02],
 [ 5.21610474e-02],
 [ 1.03044030e+00],
 [ 6.51020083e-03],
 [ 6.14774470e-02],
 [-7.10865786e-03],
 [ 1.37473782e+00],
 [ 2.87062737e-01],
 [ 1.54494927e-01],
 [ 1.48110057e-01]]","[[ 6.46097681e-01],
 [-3.99357468e-01],
 [ 5.47547306e-02],
 [ 6.23112078e-01],
 [ 2.82687982e-01],
 [ 8.31714478e-01],
 [ 2.43966949e-01],
 [ 2.30959891e-02],
 [ 2.64500613e-01],
 [ 7.74248452e-01],
 [ 7.56741186e-01],
 [-9.67335517e-02],
 [ 1.06556941e-03],
 [ 4.73424694e-01],
 [-2.48557219e-02],
 [-7.45662173e-02],
 [ 1.07658644e-03],
 [-1.26324699e-01],
 [-1.60208682e+00],
 [ 8.27255885e-01],
 [ 2.08475934e-01],
 [ 2.79840567e-01],
 [ 3.38807052e-01],
 [ 3.80613633e-02],
 [ 6.95762420e-01],
 [ 7.74343742e-01],
 [-1.63302063e-01],
 [ 1.06885877e+00],
 [-1.21884977e+00],
 [ 4.45992641e-02]]"
poisson_16_12_3,08,2,12,15,11.698927150746725,7.242131197650649,"[[ 0.1046272 , 0.02606938],
 [-0.05810999,-0.97862331],
 [-0.18168541,-1.15990911],
 [ 0.09916739, 0.01771214],
 [-1.03398568, 0.08088054],
 [ 0.0483809 ,-0.14513223],
 [-0.0394765 ,-0.25531991],
 [ 0.04834332,-0.0548576 ],
 [ 0.24339517, 0.14945111],
 [-0.08844837,-0.03146579],
 [ 0.10252234,-0.5761893 ],
 [ 0.48736439,-0.30963244],
 [ 0.34962205, 0.59507406],
 [-0.28072639, 2.06647678],
 [ 0.54829822, 0.32903548],
 [-0.10868435,-0.03584464],
 [ 0.06222518,-0.16849826],
 [-0.07299319,-0.32923407],
 [ 0.0557423 ,-0.16117616],
 [ 0.71674429,-0.52237199],
 [ 0.06338511, 0.11404155],
 [ 0.64739686, 0.31909248],
 [ 0.38742399, 0.62641617],
 [ 0.7469827 , 0.46592063],
 [ 0.3806009 , 0.70271341],
 [ 0.05419307, 0.01373446],
 [ 0.73981252, 0.48126958],
 [ 0.54907327, 0.34681395],
 [-0.21788067,-0.42140911],
 [ 0.06152202,-0.15618388],
 [-0.15647489,-1.3785819 ],
 [ 0.04187388,-0.14476829],
 [ 0.46864877, 0.65281005],
 [-0.02648698, 0.14952278],
 [-0.05831237, 0.15018784],
 [ 0.04844703,-0.14129332],
 [-0.05309367,-0.24967349],
 [-0.03982521,-0.36831255],
 [-0.08336197,-0.26323999],
 [-0.05015672, 0.28530806],
 [ 0.47026363,-0.25167265],
 [ 0.11809837, 0.031101  ],
 [ 0.38012742, 1.46233032],
 [ 0.39235981, 0.68361699],
 [ 0.65604884, 0.27171421],
 [-0.21652098,-0.89499044],
 [-0.07513428,-0.23931517]]","[[-0.08405934, 0.04455526],
 [ 0.02157967,-0.04809452],
 [-0.55864962,-0.2130833 ],
 [ 0.64988687, 0.07362326],
 [-0.11351093, 0.02888539],
 [ 0.49828809,-0.00771374],
 [ 0.77325962, 0.51750393],
 [ 0.15772498, 0.47840908],
 [-0.54422288, 0.65107634],
 [ 0.4524282 , 0.48811978],
 [ 0.53378808, 0.19589592],
 [ 0.25570687, 0.17404746],
 [ 0.08259384, 0.07954975],
 [ 0.94154076, 0.43392344],
 [-0.74096668,-0.85776867],
 [ 0.59551061, 0.20642212],
 [ 0.27410555, 0.19414662],
 [ 0.49772243,-0.06791612],
 [-0.97773157,-0.37904244],
 [ 0.23562322, 0.14084791],
 [ 0.36635759, 0.07502425],
 [ 0.22092893, 0.11151579],
 [ 0.15815705, 0.07258997],
 [-0.58528188, 0.91029152],
 [ 1.00735744, 0.27140979],
 [ 0.30108638, 0.22845843],
 [-0.08499315, 0.85585898],
 [-0.85227548,-0.61399697],
 [ 1.13290428, 0.5952838 ],
 [ 0.65622365,-0.83695664]]"
poisson_16_12_3,08,3,12,15,11.573210725038118,7.080020642801946,"[[ 2.83804165e-02, 6.28943943e-02, 2.39971318e-01],
 [ 1.02973759e-01,-9.76971940e-01,-9.47565450e-01],
 [ 2.98474638e-01,-4.89932129e-02,-8.39641618e-01],
 [ 6.88596991e-02, 7.35074168e-02, 2.52648805e-01],
 [-2.95025834e-01, 6.19909110e-02, 1.71830258e-01],
 [-5.83623096e-02,-5.23091552e-02, 1.39037284e-01],
 [ 4.03585915e-02,-2.00225757e-01, 2.20493677e-02],
 [ 4.49598075e-02, 7.92170140e-02, 3.34448889e-01],
 [ 1.47081739e-01,-1.26232353e-01,-1.84166235e-02],
 [-5.62675126e-02,-1.38832448e-01, 3.07338009e-01],
 [ 1.64123455e-01,-1.34959383e-02,-7.62691244e-03],
 [-1.58647515e-01, 8.54185903e-02,-5.00691696e-01],
 [ 5.61816428e-01, 5.22424443e-01, 8.60653725e-01],
 [ 3.33689267e-02, 4.96656846e-01, 8.29338313e-01],
 [ 6.08950939e-01, 1.00021480e-01, 2.14966114e-01],
 [-9.11004415e-02,-1.12509122e-01, 3.00087493e-01],
 [ 1.06395390e-01,-7.92091127e-02,-1.45291734e-01],
 [ 5.28123577e-01, 3.07280638e-01, 1.89512652e-01],
 [-7.05323490e-02,-6.14284472e-02, 1.42003655e-01],
 [ 3.28407663e-01,-1.96082025e-01, 8.22142290e-01],
 [-4.33460392e-03, 2.92526552e-02, 4.99754676e-01],
 [ 3.64098404e-01, 3.82555467e-01, 2.09324324e-01],
 [ 5.59385057e-01, 5.48169365e-01, 8.91833307e-01],
 [ 4.61119660e-01, 4.90635283e-01, 3.97701384e-01],
 [ 7.02465912e-01, 4.20924916e-01, 7.80772676e-01],
 [ 4.94771165e-02, 4.54169426e-02, 5.79382846e-01],
 [ 4.38544278e-01, 5.32893258e-01, 3.66446732e-01],
 [ 6.05650738e-01, 9.54762442e-02, 2.32222518e-01],
 [-7.86920405e-05,-1.44965443e-02, 1.16585359e-01],
 [ 1.16877407e-01,-3.87617493e-02,-1.32194249e-01],
 [-6.22585315e-02,-2.10994873e-01,-4.70969691e-01],
 [-7.84103664e-02,-3.61766087e-02, 1.58508269e-01],
 [ 2.72073062e-01,-2.28016806e-01, 6.91987233e-01],
 [ 2.44151074e-03,-2.74380274e-02, 2.99335053e-01],
 [-2.32585463e-01, 6.47264077e-02, 6.73518320e-02],
 [ 7.62221009e-02,-5.33765115e-02,-1.25896616e-01],
 [ 4.53607815e-02,-2.29839818e-01, 3.81308713e-02],
 [ 4.46323799e-02,-8.75142220e-02,-3.16105471e-02],
 [ 9.18993659e-02,-5.44770652e-02,-4.43229544e-02],
 [ 2.93118200e-03,-2.79652633e-01, 8.68798759e-02],
 [ 2.06705838e-01, 3.17969221e-01, 1.04277724e+00],
 [ 6.09710392e-02, 6.38487343e-02, 2.54612686e-01],
 [ 1.03228358e-01, 3.64936752e-01, 5.46583758e-01],
 [ 7.10834176e-01, 4.34101761e-01, 7.77459381e-01],
 [ 3.69539756e-01, 4.24907773e-01, 1.90034598e-01],
 [ 1.71817669e-03,-2.75030190e-01,-2.05208240e-01],
 [ 6.72378038e-02,-2.40061132e-01, 6.27760927e-03]]","[[ 2.19889165e-01, 7.72350832e-02, 5.08492122e-02],
 [-3.50147128e-01,-3.16041627e-01,-3.09874797e-01],
 [-6.33751882e-01,-3.09754298e-01,-6.61581477e-02],
 [ 5.63940087e-01, 4.66764809e-01, 1.60951876e-01],
 [ 7.39561098e-03,-3.31062841e-02,-2.83624012e-03],
 [ 3.10996005e-01, 9.22960400e-02, 1.46293553e-02],
 [ 6.17855405e-01, 7.05371426e-01, 2.60423602e-01],
 [ 2.23891829e-01, 2.36398995e-01, 1.10526074e-01],
 [-7.83930595e-01,-6.83557465e-02, 3.38231741e-01],
 [ 7.31746944e-01, 4.52390142e-01, 5.68793661e-01],
 [ 5.64654084e-01, 3.18230460e-01, 1.70173893e-02],
 [ 3.55650023e-01, 3.01592098e-02, 1.65298127e-01],
 [ 6.46118960e-02, 7.91044499e-02, 6.56546708e-04],
 [ 5.86767262e-01, 2.54631273e-01, 3.40673676e-02],
 [-5.47888778e-01,-8.92260695e-01,-5.63875313e-01],
 [ 4.75880575e-01, 5.32545335e-01, 1.92331827e-01],
 [ 4.34089635e-01, 2.11079878e-01, 6.49417916e-01],
 [ 3.87782279e-01, 3.26687988e-01, 1.10109229e-01],
 [-4.78588874e-01,-4.56400630e-01,-4.80201021e-01],
 [ 2.94943704e-01, 2.36950297e-01, 2.57053421e-01],
 [ 1.49214540e-01, 1.10072663e-01, 6.25148241e-02],
 [ 1.70899776e-01, 1.70182336e-01, 2.92855859e-02],
 [ 9.47673368e-03, 5.94020107e-02, 3.27990662e-03],
 [-3.42704728e-02, 1.12051355e-01, 5.83829645e-01],
 [ 6.99566782e-01, 4.87858869e-01, 1.72067073e-01],
 [ 3.67852689e-01, 2.08497039e-01, 4.94316315e-02],
 [ 4.81740386e-02,-5.23608317e-01, 5.06912729e-01],
 [-9.46587108e-01,-6.81134656e-01,-2.06862849e-01],
 [ 6.06329482e-01, 5.53904163e-01, 3.41360140e-01],
 [ 4.69788774e-01, 3.29317462e-01, 1.86229158e-01]]"
poisson_16_12_3,09,1,12,16,13.161298550473456,9.875633280075043,"[[-0.23935106],
 [ 0.32468964],
 [ 0.28817136],
 [ 2.14099501],
 [-0.52628693],
 [ 0.90876611],
 [-0.30223368],
 [ 0.62030015],
 [ 0.96718908],
 [ 1.91322583],
 [-1.93128276],
 [ 1.21191955],
 [-0.28737633],
 [-0.57224477],
 [ 0.13123835],
 [-0.56350179],
 [-0.15705783],
 [ 0.17881623],
 [-0.7097506 ],
 [ 1.41407032],
 [ 0.17665929],
 [ 0.15034207],
 [-0.34493927],
 [-0.28778276],
 [-0.91635596],
 [ 0.13381117],
 [ 1.1925686 ],
 [ 0.13749067],
 [-0.13693889],
 [ 0.13607143],
 [ 0.04909714],
 [ 0.11831534],
 [-0.04041408],
 [-0.07116443],
 [-2.21267546],
 [ 0.28142102],
 [ 0.3595982 ],
 [-0.42472806],
 [-0.07586588],
 [ 0.39813964],
 [-0.53447186],
 [ 0.8811206 ],
 [ 0.04029233],
 [-0.31895949],
 [-0.34631257],
 [ 0.30287827],
 [-0.29892664],
 [-0.90995698],
 [-1.93262171],
 [ 0.13679583],
 [ 1.22659104],
 [ 0.83088675],
 [-0.27594413],
 [ 0.13611207],
 [ 0.64294456],
 [-0.03862354],
 [ 1.34326069],
 [ 0.77788681],
 [ 0.02726236],
 [ 0.15666462],
 [-0.78806004],
 [ 0.04263958],
 [ 0.37630654],
 [ 0.13343967],
 [ 1.28501962],
 [-0.04440713],
 [-0.92044611],
 [-0.31130107],
 [ 1.40544439],
 [ 0.82130787],
 [ 1.4140095 ],
 [ 0.30403471],
 [-0.78648705],
 [ 0.07553351],
 [ 0.25308826],
 [-0.18944093],
 [-0.73689555],
 [ 0.03292297],
 [ 0.53495984],
 [-0.00399202],
 [ 1.28508125],
 [-0.17620865],
 [-0.6458994 ],
 [-0.06024323],
 [ 1.41289694],
 [-0.14245027],
 [-0.05959245],
 [ 0.34570583],
 [ 0.66635501],
 [-1.63245803],
 [ 0.50715983],
 [ 0.88551062],
 [-1.38936737],
 [ 0.36811735],
 [ 0.63376614],
 [ 0.76801849],
 [ 0.84684917],
 [-0.2226283 ],
 [ 0.88837312],
 [ 1.86444148],
 [ 0.35617365],
 [-0.41953837],
 [-0.05415101],
 [ 0.79247721],
 [-0.28322961],
 [ 0.1282385 ],
 [ 0.10492612],
 [ 0.70623713],
 [ 0.11803644],
 [ 0.1911733 ],
 [-1.56855166],
 [-0.10647807],
 [-2.1752432 ],
 [ 1.60401463],
 [-0.64385683],
 [-2.17677965],
 [-0.62552221],
 [ 0.43157051],
 [-1.7260918 ],
 [-0.0308741 ],
 [ 0.14650623],
 [ 0.22425873],
 [-0.04471695],
 [ 0.16985157],
 [ 0.23905044],
 [ 1.8507263 ],
 [ 0.24812893],
 [ 1.20025507],
 [ 0.26492152],
 [-0.61329863],
 [-0.0615286 ],
 [ 0.08814046],
 [ 0.87817262],
 [ 0.38103597],
 [-0.44505651],
 [ 0.97735285],
 [-3.11052911],
 [ 0.80414764],
 [ 0.39542049],
 [-0.07452555],
 [ 0.84662338],
 [ 2.14849108],
 [ 0.60940922],
 [ 1.91237728],
 [ 1.22005585],
 [ 1.42019436]]","[[ 2.60551936e-01],
 [ 3.13563379e-02],
 [ 6.72724156e-01],
 [-1.60154295e-03],
 [ 6.39156495e-01],
 [-8.87130675e-03],
 [ 3.02741985e-01],
 [ 3.96206399e-01],
 [-8.55201894e-03],
 [ 4.21472472e-02],
 [ 3.90999521e-03],
 [ 1.27941623e-01],
 [ 1.26236507e+00],
 [ 1.37712365e-02],
 [ 2.91900074e-01],
 [-5.50038731e-01],
 [ 3.23207038e-02],
 [-1.22783295e-02],
 [ 2.47194854e-01],
 [-1.21372680e+00],
 [ 4.79637076e-02],
 [-1.04468502e-01],
 [ 3.56786382e-01],
 [ 7.67691527e-01],
 [ 2.75310277e-01],
 [ 7.20388001e-01],
 [ 3.32523180e-04],
 [-8.30499989e-03],
 [ 1.38505835e-03],
 [ 2.31400841e-01],
 [ 2.07625425e-01],
 [ 6.51849151e-01],
 [-1.09748660e-01],
 [ 1.88653509e-02],
 [-1.18883391e-02],
 [-8.36217121e-03],
 [-1.29477551e-02],
 [ 1.26019958e-01],
 [ 1.22633165e-01],
 [-2.67296834e-01],
 [ 1.27887247e+00],
 [ 3.76825546e-01],
 [ 1.48131882e-01],
 [ 2.41455522e-01],
 [ 5.95686230e-02],
 [ 6.56239901e-01],
 [-2.05507882e-02],
 [ 3.92248535e-01],
 [ 4.48065280e-01]]"
poisson_16_12_3,09,2,12,16,13.090924755970706,9.199777950071958,"[[-5.64286490e-02, 2.97299676e-01],
 [ 7.84772946e-02, 5.42559071e-01],
 [-3.65832765e-02, 3.73137519e-01],
 [ 1.79400779e+00, 1.08230801e+00],
 [ 7.02000164e-01, 1.03572223e+00],
 [-5.89533962e-01, 7.14650882e-01],
 [-1.16049368e-01,-1.07289553e+00],
 [ 9.34284110e-01, 9.13808923e-01],
 [ 3.91565075e-01, 4.85147235e-01],
 [ 5.65243599e-01, 1.23492475e+00],
 [-1.00144252e+00,-1.00203335e+00],
 [ 1.24809288e+00, 5.79562541e-01],
 [-6.57486361e-01,-7.16475255e-01],
 [-6.56839139e-01,-1.12878937e+00],
 [ 1.34558215e-01, 1.47134023e+00],
 [-9.31818715e-01,-9.42736835e-01],
 [ 2.22140913e-01,-1.27973486e-01],
 [ 1.63119559e+00, 4.46769296e-01],
 [-4.60024036e-01,-9.00899972e-01],
 [ 8.51481264e-01, 8.49251727e-01],
 [-2.70687643e-03, 5.27551104e-02],
 [ 5.09138769e-01,-3.28681894e-01],
 [-7.54286995e-02, 3.74009653e-01],
 [ 3.15122566e-01,-2.46508521e-01],
 [ 3.04884317e-01, 2.54005602e-01],
 [-5.65417180e-02,-8.20493092e-01],
 [ 1.26020258e+00, 5.91878250e-01],
 [ 4.99146772e-02,-5.51314720e-01],
 [-2.52662481e-02, 4.90538791e-02],
 [-4.77564131e-03, 4.23448878e-01],
 [-2.31776301e-02, 3.59787724e-01],
 [ 1.47122847e-02, 6.80261125e-01],
 [ 9.60102286e-02, 8.27811305e-01],
 [ 6.37909413e-02, 4.93131579e-01],
 [-2.43766705e-01,-9.84251789e-02],
 [-1.52968223e-01, 1.67914606e-01],
 [ 2.04659159e-02, 3.80439419e-01],
 [-1.28343385e-01, 1.45514362e-01],
 [ 1.48201054e-03, 1.24096562e-01],
 [ 3.82459079e-01, 9.23213554e-02],
 [ 7.24108758e-01, 1.05952851e+00],
 [-5.49807715e-01, 7.14189379e-01],
 [-2.11813942e+00, 1.86314664e+00],
 [-1.00237446e-01,-1.04991491e+00],
 [-1.03637001e-01, 3.50143544e-01],
 [-1.25367667e-02, 3.37800437e-01],
 [ 3.38289438e-01,-2.47799239e-01],
 [ 2.94442251e-01, 2.69526828e-01],
 [-1.01538057e+00,-1.02443161e+00],
 [-4.85184993e-02,-7.77841207e-01],
 [ 1.22870589e+00, 5.62584712e-01],
 [ 1.45595109e-01, 5.22119291e-01],
 [-6.36668534e-01,-7.30066053e-01],
 [ 4.36002563e-02,-5.67522952e-01],
 [ 3.21436204e-01,-1.62813132e-01],
 [ 7.34529359e-01,-6.08988398e-01],
 [ 6.70247168e-01,-1.51508506e+00],
 [ 1.09593125e-01, 8.61462491e-01],
 [ 2.32219528e-01,-6.04070109e-02],
 [-5.67256151e-02,-1.81986782e+00],
 [-5.89763405e-01, 1.38750855e+00],
 [ 8.75269371e-02,-1.52771908e-01],
 [-3.77390194e-01,-8.18358152e-01],
 [ 4.30989492e-01,-5.58077181e-01],
 [ 6.48263328e-01,-8.75962969e-01],
 [-7.82399442e-02,-6.83983629e-01],
 [ 2.31322598e-01, 3.24400072e-01],
 [ 3.41055400e-01, 4.87554835e-01],
 [ 1.15590680e+00, 3.11255546e-01],
 [ 3.32787100e-01,-1.69985614e-01],
 [ 6.55555055e-01, 1.66912927e+00],
 [-7.99939158e-02, 9.82443749e-01],
 [-9.48867129e-02,-1.50797924e+00],
 [ 3.46271315e-02,-4.53058921e-01],
 [ 1.74845173e+00,-5.11601390e-01],
 [ 2.87343732e-01,-4.24663223e-01],
 [ 3.83449916e-01,-4.87153081e-01],
 [ 4.24465856e-01,-5.78876090e-01],
 [ 8.03600211e-01, 3.82650178e-01],
 [-3.19538604e-01,-7.57047922e-01],
 [ 1.19684608e+00, 3.68164030e-01],
 [ 2.20915574e-01,-1.32993208e-01],
 [-1.67074462e-01,-4.98082084e-03],
 [-2.61698163e-01,-1.67243638e-01],
 [ 7.00682332e-01, 9.35863981e-01],
 [-1.27100105e+00,-5.35409261e-01],
 [ 8.72672258e-02, 8.34658110e-01],
 [ 1.21117980e-01, 1.35972133e+00],
 [ 8.29679277e-01,-3.74649526e-01],
 [-1.83199525e-01, 1.27767070e+00],
 [ 2.14982608e-01, 4.72470782e-01],
 [-2.27825084e-01, 4.91410686e-01],
 [-5.23197194e-01,-9.35662343e-01],
 [ 2.73078265e-01, 8.44138282e-01],
 [ 3.15823567e-01, 8.59106594e-02],
 [ 1.38837220e-01, 9.59063072e-01],
 [ 7.88575276e-01, 8.03209633e-01],
 [-1.88152397e-02, 2.39916040e-01],
 [ 2.15842726e-01, 4.60247113e-01],
 [ 5.59517926e-01, 8.46463679e-01],
 [ 4.48872879e-02, 3.86808294e-01],
 [-1.02191268e-01, 1.05442985e-01],
 [ 2.00560180e-02, 1.47566863e-01],
 [ 1.49604102e-01, 4.96670911e-01],
 [-6.42454600e-01,-7.05288245e-01],
 [ 5.62251854e-02,-5.72029902e-01],
 [ 2.82191658e-02,-4.75609028e-01],
 [ 1.02163272e-01, 3.29544443e-01],
 [-6.73718781e-02, 5.06485821e-01],
 [-2.28703209e-02, 8.29059798e-02],
 [-8.11772927e-01, 2.73352260e-01],
 [ 8.18662040e-02, 4.98633273e-01],
 [-2.68841313e-01,-1.12065561e-01],
 [-7.14836098e-01,-6.55492304e-01],
 [-7.88422100e-01, 6.45130862e-01],
 [-4.63362783e-01, 6.04707564e-01],
 [-6.80308546e-01,-2.22813316e+00],
 [ 3.95448334e-01, 8.57443625e-02],
 [-5.58240672e-01,-1.61781469e+00],
 [ 3.08481870e-01, 3.47264327e-02],
 [ 1.08033882e-01, 1.41414974e-01],
 [ 5.90541717e-02, 8.09070494e-03],
 [-1.25143307e-03, 2.16695455e-01],
 [ 1.75629451e-01, 1.30804247e-01],
 [ 1.21899623e-01, 7.67676795e-01],
 [ 5.40043187e-01, 8.11114845e-01],
 [-2.97799356e-01, 4.42610402e-01],
 [ 1.24713647e+00, 5.75692158e-01],
 [ 6.09639528e-02, 4.41808790e-01],
 [-1.27169822e+00,-1.30441282e+00],
 [ 1.78603482e-02, 1.51835726e-01],
 [ 1.37284666e-01, 3.53428186e-01],
 [ 7.52757420e-01, 8.04996833e-01],
 [ 3.88065752e-02, 3.75614545e-01],
 [-1.02425015e-01, 1.32276945e-01],
 [ 3.99408184e-01, 4.87234980e-01],
 [-1.07370524e+00, 6.60290373e-01],
 [ 1.24935095e-01, 4.89252942e-01],
 [ 3.27863087e-02,-6.13981730e-02],
 [ 8.28552975e-02, 4.96483525e-01],
 [ 7.66068304e-01, 8.37095773e-01],
 [ 1.78272112e+00, 1.09327160e+00],
 [ 9.58006453e-01, 9.08832578e-01],
 [ 5.46135591e-01, 1.24828447e+00],
 [ 1.25477695e+00, 5.94630365e-01],
 [ 8.09477811e-01, 8.67663907e-01]]","[[ 5.50989193e-01, 2.08297191e-01],
 [ 9.38785135e-02, 4.72292851e-02],
 [ 3.63783371e-01, 3.03797721e-01],
 [-3.85560201e-02,-1.77555787e-01],
 [ 3.10680227e-01, 8.51658071e-02],
 [-2.33529895e-02,-1.38479040e-02],
 [ 7.43632871e-02, 1.21148412e-02],
 [ 2.55821867e-01, 1.30242169e-03],
 [ 2.29356921e-01, 4.20762888e-02],
 [-3.82995063e-02,-2.19476725e-03],
 [ 1.95864889e-01, 6.08146384e-02],
 [-8.32631956e-02,-2.17854074e-02],
 [ 4.42955722e-02, 2.81504650e-01],
 [ 1.87539210e-02,-2.65822197e-02],
 [ 6.40988567e-02, 1.02982076e-01],
 [ 5.82249578e-02, 4.97436748e-01],
 [ 2.08271084e-02,-4.60945182e-02],
 [ 1.02807448e-01,-5.72183587e-02],
 [ 5.91065399e-01, 1.81673076e-01],
 [ 1.15320218e-01, 2.34878782e-02],
 [ 3.94097200e-01, 2.83282603e-01],
 [-4.68543647e-01,-4.11598585e-01],
 [ 2.92339418e-01, 4.73468223e-01],
 [ 7.00653109e-02,-3.94544563e-02],
 [-2.58975380e-01, 4.49269920e-01],
 [-1.50934483e-01, 9.17773564e-01],
 [-5.70617428e-02, 4.81541978e-02],
 [ 1.07876644e-01, 1.99805040e-02],
 [-9.08677699e-03,-2.26260145e-02],
 [ 3.94474190e-01, 1.13831456e-01],
 [ 4.45009743e-01, 7.92138408e-02],
 [ 4.65943849e-01, 3.76094690e-01],
 [-6.35036253e-02, 3.24727783e-02],
 [-1.08312058e-02,-4.98037589e-03],
 [-2.78843928e-03,-8.42226045e-03],
 [-1.84099011e-02, 2.84553989e-03],
 [ 1.09662138e-02, 7.95318502e-03],
 [-3.54793385e-02,-1.94119266e-02],
 [ 4.94216945e-01,-1.85543233e-01],
 [-1.56299796e-01,-1.60264270e-01],
 [ 3.30077254e-01, 1.31369284e+00],
 [ 4.79183958e-01, 3.62544187e-01],
 [ 8.03786494e-02, 4.71278234e-02],
 [-1.05563940e-02, 4.26454200e-02],
 [-5.34012719e-02,-1.96832068e-01],
 [ 6.01606785e-02, 4.07733087e-01],
 [ 2.98525464e-01, 4.98097464e-01],
 [ 4.89977724e-01, 2.50433752e-01],
 [ 5.73617895e-01, 3.40866816e-02]]"
poisson_16_12_3,09,3,12,16,13.033285841769457,9.037406244542414,"[[ 1.93133487e-01, 1.54042002e-01, 4.35072872e-01],
 [ 4.74868652e-01, 8.67159425e-01, 6.25766669e-01],
 [ 2.59943542e-01, 5.00564547e-01, 3.99069974e-01],
 [ 8.95608170e-01, 7.92224388e-01, 9.59661078e-01],
 [ 4.07589203e-01, 5.65852481e-01, 2.73074666e-01],
 [ 3.36820289e-01, 7.43154436e-01, 4.35896446e-01],
 [ 4.38215897e-01, 3.07210429e-01, 1.30843597e-02],
 [ 1.16753172e+00, 9.54228353e-01, 7.14338675e-01],
 [ 7.30665057e-01, 2.67042794e-01, 4.71962489e-01],
 [ 6.07561469e-01, 3.38306533e-01, 4.37335122e-01],
 [-1.34659721e+00,-1.11399884e+00,-8.70362313e-01],
 [ 5.01318666e-01, 7.24547468e-01, 7.96071293e-01],
 [-1.01567555e+00,-1.28394569e+00,-4.11846349e-01],
 [-5.89458503e-01,-1.06458208e+00,-1.15947963e+00],
 [ 2.64527456e-01, 2.27015994e-01, 2.49912605e-02],
 [-8.58157708e-01,-8.22680253e-01,-1.73495418e-01],
 [ 3.78546496e-01, 7.90792537e-01, 1.09022770e+00],
 [ 2.92663470e-01, 2.03413847e+00, 1.19139739e+00],
 [ 3.26411576e-01,-3.52225015e-01, 5.37751334e-01],
 [ 2.00372347e-01, 3.56274902e-01, 3.24481355e-01],
 [ 2.75542640e-02,-6.53833661e-02, 1.65787138e-01],
 [-9.40299522e-02, 1.04473836e-01,-2.91869555e-01],
 [ 3.92729804e-01,-2.71477905e-02, 2.41325326e-01],
 [-4.61799310e-04,-1.78827266e-01, 4.29958693e-01],
 [ 2.20442827e-01,-3.82226970e-01,-1.53502381e-01],
 [ 1.18183360e-01,-3.97358652e-01,-3.71685716e-01],
 [ 5.03019462e-01, 6.81118110e-01, 7.97888277e-01],
 [ 8.69512920e-02, 1.40529684e-02,-5.80103355e-01],
 [-7.61253264e-02,-5.96967272e-02, 2.84693408e-03],
 [-8.01090316e-02,-2.32205122e-01, 1.96402917e-01],
 [-2.07502796e-01,-5.13288391e-01,-1.20057250e+00],
 [ 9.57237457e-02,-4.28782139e-03, 5.03314331e-01],
 [-1.21995720e-01,-1.16215020e-01, 2.98002931e-01],
 [-1.45413879e-01, 3.14479672e-01, 1.17368043e+00],
 [-7.94071472e-01,-9.94332879e-01,-5.00809272e-01],
 [ 1.21815550e+00, 5.81005126e-01, 1.77971449e-01],
 [ 9.71230425e-02, 3.01790299e-01, 5.20034214e-01],
 [-2.94732587e-01,-3.06956528e-01, 4.55574943e-02],
 [ 9.22052262e-02, 1.78721657e-01, 4.61181829e-01],
 [-2.86932248e-01,-8.25698748e-01,-1.00018880e+00],
 [ 3.76835940e-01, 5.66236056e-01, 2.28329619e-01],
 [ 3.28078514e-01, 7.50008133e-01, 4.10807544e-01],
 [-6.94355297e-01,-1.10386648e+00,-1.02441883e+00],
 [ 4.35566061e-01, 2.90940131e-01, 1.64205690e-02],
 [ 3.95076581e-01,-6.07439033e-02, 2.13447570e-01],
 [ 2.44078646e-01, 5.07600623e-01, 3.94016049e-01],
 [ 1.37934434e-02,-1.82550799e-01, 4.02253957e-01],
 [ 2.26750662e-01,-3.92188425e-01,-1.36257989e-01],
 [-1.39361334e+00,-1.11233657e+00,-9.02832958e-01],
 [ 1.27216734e-01,-4.00004359e-01,-3.37028213e-01],
 [ 4.96878930e-01, 7.18846598e-01, 8.02249707e-01],
 [ 3.38414990e-01, 7.18735253e-01, 7.22046551e-01],
 [-1.00575610e+00,-1.27966078e+00,-4.21786434e-01],
 [ 7.45074131e-02, 4.07384814e-02,-5.73788483e-01],
 [ 1.65517943e-01,-2.56233029e-01,-1.42093317e+00],
 [ 1.58186713e-01, 8.79287096e-01, 6.28434167e-01],
 [-3.92531044e-01, 6.10663105e-01, 2.74595698e-01],
 [ 3.28166484e-01, 3.95743976e-01,-1.30319001e+00],
 [ 6.78541668e-01, 3.92403030e-01,-8.62924208e-01],
 [-3.57633713e-01,-9.85775010e-01,-1.31156634e-01],
 [-5.63030586e-01,-4.15930176e-01, 1.29691995e-01],
 [-2.79632518e-01,-3.19254623e-01,-3.78718461e-01],
 [-1.00463464e-01, 3.06233573e-01, 2.33440910e-01],
 [-3.82494462e-01, 9.55859298e-01,-6.55789448e-01],
 [ 3.08711648e-01,-3.73085919e-01,-1.83873991e-02],
 [-9.87433590e-02,-8.23673789e-01,-7.24541836e-01],
 [-1.13129038e+00, 1.18392494e-01, 3.78589135e-02],
 [ 1.19041754e-01, 8.73770292e-01, 1.03028018e+00],
 [ 7.42568241e-01,-6.39243877e-01,-2.22275261e-01],
 [ 9.58719017e-02, 4.00490574e-01,-1.63501280e+00],
 [ 8.40748484e-01, 5.28007331e-01, 4.00062340e-01],
 [ 4.53922269e-01, 1.33135522e+00, 8.33271332e-01],
 [-6.37002172e-01, 1.92470224e-02, 4.01759809e-01],
 [ 5.73046581e-02,-1.50125045e-01,-4.41599598e-01],
 [ 6.34450950e-01, 8.52409782e-01,-3.98314056e-01],
 [ 4.30214092e-01, 3.29701486e-01, 9.45074898e-01],
 [-3.07574835e-01,-5.59515306e-01,-1.39194579e-01],
 [-2.34913919e-01, 3.84265822e-01, 7.23660989e-02],
 [ 1.05824041e+00, 1.41701131e-01, 7.80747619e-02],
 [ 1.87900541e-01, 6.90264654e-02, 3.31326574e-02],
 [ 7.03609528e-01, 6.94908289e-01, 4.87649652e-01],
 [ 4.01430411e-01, 7.66899975e-01, 1.07589305e+00],
 [-3.98177596e-01,-1.06654321e+00, 7.28215317e-01],
 [ 9.10569271e-01, 2.12826493e-01,-2.11010153e-01],
 [ 4.01320698e-01, 1.31406227e+00,-2.48347217e-01],
 [ 8.53857640e-01, 3.16198376e-02,-5.51832039e-01],
 [-1.04574674e-01,-1.32318427e-01, 2.96456571e-01],
 [ 7.73987122e-01, 8.88286363e-01, 1.46257099e+00],
 [ 1.15607319e+00, 8.45542095e-01,-1.06060008e+00],
 [-2.38426416e-01,-7.14069619e-01,-1.36836417e-01],
 [-3.95388231e-01, 1.23979113e-01, 9.92257405e-01],
 [-4.01150540e-01, 7.95774437e-01, 5.87883697e-01],
 [-8.04251771e-01,-9.28906673e-01,-1.20579296e-01],
 [-4.78630654e-01,-2.66963125e-01,-1.04583030e+00],
 [-4.88681699e-02, 6.44086428e-01, 1.00523613e+00],
 [-2.56567056e-01, 2.45203662e-02,-2.74192212e-02],
 [ 6.12881258e-01, 6.33065468e-01, 5.10908576e-01],
 [ 1.16312667e-01, 3.09689439e-01, 8.33917933e-02],
 [ 2.45921000e-01, 4.48379312e-01, 2.78379736e-01],
 [ 2.68318854e-01, 3.62689220e-01, 4.71377330e-01],
 [ 9.04000279e-02, 2.63688353e-01, 5.45595575e-01],
 [-2.95944433e-01,-2.92479197e-01, 7.37275953e-02],
 [ 5.96295529e-02, 1.67793907e-01, 4.63173103e-01],
 [ 3.48468446e-01, 7.34944519e-01, 7.34454945e-01],
 [-9.99652376e-01,-1.29392681e+00,-4.37673401e-01],
 [ 1.02553692e-01, 2.38248599e-02,-5.58220922e-01],
 [ 5.35787014e-02,-1.51226736e-01,-4.11257309e-01],
 [ 2.41354676e-01, 3.99294629e-01, 5.39880710e-01],
 [ 1.74851782e-01, 2.00560600e-01, 2.08013216e-01],
 [ 7.57524452e-03,-5.62398075e-02, 1.61865783e-01],
 [-1.50551694e+00,-8.01126913e-01,-2.57263520e-02],
 [-1.55131439e-01, 3.04734023e-01, 1.18439503e+00],
 [-7.99521102e-01,-1.02513692e+00,-5.23272482e-01],
 [-6.47356003e-01,-4.21774586e-01,-9.34292180e-01],
 [-8.97911151e-01,-1.07080923e+00, 8.32366919e-01],
 [-2.47163082e-01, 1.92305317e-01, 9.29489890e-01],
 [-5.99335259e-01,-1.15396666e-01,-1.65618063e+00],
 [-3.14947469e-01,-8.08344596e-01,-9.77612052e-01],
 [-7.78104750e-01,-1.24873705e+00,-1.40078582e+00],
 [ 1.51170828e-01, 3.48705165e-01,-2.95447155e-01],
 [ 2.63658607e-01, 4.95743756e-01, 6.91977070e-02],
 [-5.65528713e-02, 3.08130431e-02, 6.04562252e-01],
 [ 1.89134439e-01, 9.90052787e-01, 1.19388406e+00],
 [ 2.70219109e-01, 1.07750703e+00, 3.99345403e-01],
 [ 2.82757731e-01, 1.32162827e+00, 1.33643707e+00],
 [ 2.62461561e-01, 3.57236006e-01, 4.28350718e-01],
 [ 2.26567116e-01, 1.21543144e-02, 4.04384742e-01],
 [ 4.95384637e-01, 6.95423815e-01, 8.04512336e-01],
 [ 2.01526300e-01, 3.60865443e-01, 7.09972490e-01],
 [-5.83824806e-01,-8.13060058e-01,-1.22915160e+00],
 [ 5.91608075e-02, 1.71503409e-01, 4.95812242e-01],
 [ 4.15508863e-01, 4.13200368e-01, 6.82113816e-01],
 [ 6.52308113e-01, 6.33898959e-01, 5.08094202e-01],
 [ 7.94514834e-02, 2.64965801e-01, 5.52546635e-01],
 [-2.76373009e-01,-3.13220136e-01, 4.57823297e-02],
 [ 7.13958822e-01, 2.99599713e-01, 4.27393214e-01],
 [-9.42004241e-01,-4.00038901e-01, 3.49471348e-01],
 [ 3.28789346e-01, 7.36680985e-01, 6.99456664e-01],
 [ 5.14771943e-02, 2.76545392e-01, 6.16699607e-01],
 [-1.43113481e-01, 3.27363135e-01, 1.19312699e+00],
 [ 6.05697536e-01, 6.45149663e-01, 5.12658363e-01],
 [ 8.98470094e-01, 8.01477775e-01, 9.47440961e-01],
 [ 1.19011010e+00, 9.49188428e-01, 7.25037857e-01],
 [ 6.44810152e-01, 3.65418215e-01, 4.58095936e-01],
 [ 4.73808932e-01, 7.04816587e-01, 7.96699635e-01],
 [ 2.04924679e-01, 3.64720031e-01, 3.63757459e-01]]","[[ 2.37964386e-01, 1.85024870e-01, 3.48281925e-02],
 [ 1.14260614e-01, 5.56210439e-02, 1.78969869e-02],
 [ 2.79487631e-01, 2.85234334e-01, 1.09140485e-01],
 [-1.34890404e-01,-2.05973953e-02, 1.36049325e-01],
 [ 2.88308146e-01, 9.25571258e-02,-5.53639585e-03],
 [-2.66831506e-02,-5.87860805e-03, 3.11012732e-03],
 [ 5.81665268e-02, 1.15904326e-02, 4.38405753e-03],
 [ 2.52120750e-01, 9.70571615e-02, 7.64929360e-03],
 [ 1.53194563e-01, 5.80809576e-02, 5.59481970e-04],
 [ 3.61676393e-02, 2.56250487e-02, 9.95082407e-04],
 [ 2.15240985e-01, 1.06535504e-01, 1.71341552e-01],
 [-6.50112581e-02,-1.40908025e-01, 6.90845515e-02],
 [ 2.45734739e-01, 4.23664963e-01, 3.36463240e-01],
 [ 8.83707028e-02, 6.61888108e-02, 4.41063492e-02],
 [ 3.26552394e-02, 2.35826322e-02, 1.16528856e-02],
 [ 3.39315626e-01, 4.56741867e-01, 3.57980422e-01],
 [ 1.18649025e-01, 6.65973340e-02, 3.09850621e-02],
 [ 2.35334617e-01, 3.25493140e-01, 1.74900091e-01],
 [ 1.86798039e-01, 1.08450242e-01, 1.23760034e-01],
 [ 9.62616259e-02, 1.17809163e-01, 5.17774771e-02],
 [ 5.47936517e-01, 2.34985084e-01, 3.04868352e-01],
 [ 2.64676047e-02,-2.72593210e-02,-1.32247796e+00],
 [ 2.47684022e-01, 2.91870637e-01, 3.78225128e-01],
 [ 9.33990312e-02, 1.43743633e-01, 1.23872250e-01],
 [ 3.23309066e-01, 2.39752056e-01, 3.34710115e-01],
 [ 1.85487236e-01, 2.73313763e-01, 8.13127336e-01],
 [ 4.57397829e-02, 1.54108752e-02,-2.58557947e-02],
 [ 5.38469860e-01, 3.90750687e-01, 1.93952977e-01],
 [ 1.11432907e-01, 1.00958211e-01, 3.82428558e-02],
 [ 2.51561772e-01, 1.29146938e-01, 5.87892424e-02],
 [ 2.77439777e-01, 1.94057732e-01, 8.50926247e-02],
 [ 1.87306287e-01, 2.54879959e-01, 7.00990864e-02],
 [ 1.50988308e-01, 7.07165927e-02, 2.32280271e-02],
 [-5.53718540e-03,-1.79134400e-02,-1.06421328e-02],
 [-5.54367428e-02,-5.32016234e-02,-1.93880712e-02],
 [ 3.88475422e-03, 5.90006628e-04, 1.35052956e-03],
 [-4.47439281e-02,-2.14725244e-02, 1.38604987e-02],
 [ 6.06870626e-02, 8.33731943e-02, 1.48899233e-02],
 [ 1.42140790e-01, 5.00624539e-02,-3.44767610e-02],
 [ 9.58067722e-02, 1.56145033e-01,-6.31024874e-01],
 [ 1.01631771e-01, 6.09656424e-01, 1.03759690e+00],
 [ 2.20392682e-01, 1.63110143e-01, 2.45770773e-01],
 [-1.40157289e-01, 1.38016626e-02, 6.20301729e-02],
 [ 1.38781437e-01, 6.54884408e-02, 4.94239464e-02],
 [ 2.20696432e-01, 1.87606157e-01, 2.95678911e-01],
 [ 3.15739671e-03,-7.57759822e-03, 1.21829476e-01],
 [ 2.16716437e-01, 2.59540109e-01,-7.40057798e-01],
 [ 3.43488321e-01, 1.46342355e-01, 1.36113975e-01],
 [ 1.68972067e-01, 3.11520717e-02, 9.59191832e-02]]"
poisson_16_12_3,10,1,12,16,11.691372033569266,8.597283361007822,"[[ 0.30591131],
 [ 0.47421953],
 [ 0.01797007],
 [ 0.07043006],
 [ 0.73554138],
 [ 0.49872707],
 [-0.08634775],
 [ 2.91265389],
 [ 1.24170778],
 [ 0.78209399],
 [ 1.11417885],
 [ 2.24721746],
 [ 0.46419623],
 [-0.1452916 ],
 [ 0.8438975 ],
 [ 1.16010009],
 [ 0.78227173],
 [ 0.70084002],
 [ 0.26034334],
 [-0.00374824],
 [ 1.18610956],
 [ 0.49664069],
 [-0.01894005],
 [-0.24708476],
 [ 0.48147046],
 [-0.80982599],
 [ 0.16869401],
 [-0.10070438],
 [ 0.5116256 ],
 [ 0.76054842],
 [ 0.50307094],
 [ 0.02545587],
 [-0.73990238],
 [ 2.7853815 ],
 [ 0.29214993],
 [ 2.95146984],
 [-1.63576819],
 [ 0.48918786],
 [-1.08845096],
 [ 0.30241433],
 [ 0.74998515],
 [-1.92014309],
 [ 0.26819826],
 [-2.25961159],
 [ 1.24098598],
 [ 2.23321343],
 [ 0.06362909],
 [ 2.14357969],
 [ 1.93113917],
 [-1.94083393],
 [ 2.76731774],
 [-1.96646454],
 [ 0.51824521],
 [ 0.00297906],
 [ 0.0652464 ],
 [-2.12243895],
 [-0.69511836],
 [ 0.31904633],
 [-0.02047609],
 [-1.61546111],
 [-2.00754331],
 [ 0.34379399],
 [-0.08872003],
 [-1.13941628],
 [ 0.90581866],
 [-0.15715116],
 [ 0.64602457],
 [-0.21363212],
 [ 0.00741654],
 [ 0.78335664],
 [ 0.02797541],
 [-0.0442233 ],
 [ 0.34389999],
 [-1.72369299],
 [-0.36014278],
 [-0.43532419],
 [ 0.21570332],
 [-0.81364139],
 [-0.32312954],
 [-1.05606051],
 [ 0.50580894],
 [ 1.39010053],
 [ 0.0972342 ],
 [-1.08523537],
 [-0.71808109],
 [-0.81615418],
 [-1.74098375],
 [-0.17233315],
 [ 0.34580884],
 [-0.06170317],
 [ 0.80932462],
 [ 0.73997819],
 [ 1.19435115],
 [ 1.57241277],
 [ 1.04025949],
 [-0.01726857],
 [ 0.83584985],
 [ 0.44017033],
 [ 1.20126481],
 [-1.64040121],
 [-0.02322596],
 [-2.00100346],
 [-0.2675029 ],
 [ 0.55115512],
 [-0.11935247],
 [ 0.30183804]]","[[ 0.12129491],
 [-0.35343221],
 [-0.10431338],
 [ 0.17709383],
 [-1.01055347],
 [ 0.64898462],
 [ 0.09540603],
 [-0.03006642],
 [-0.02495637],
 [ 0.03246383],
 [ 0.01641789],
 [-0.02726588],
 [ 0.5136319 ],
 [-0.06964234],
 [ 0.04221862],
 [ 0.02344712],
 [ 0.09302644],
 [ 0.25196859],
 [ 0.16807959],
 [ 1.03892193],
 [ 0.7516802 ],
 [-0.51458631],
 [-0.06254709],
 [-0.13178446],
 [ 0.10420805],
 [-0.14837537],
 [ 0.08572532],
 [-0.01776987],
 [-0.20027131],
 [ 0.88811677],
 [ 0.34116793],
 [ 1.12918603],
 [-0.59782614],
 [ 0.90576119],
 [ 0.39199621],
 [-0.25941011],
 [ 0.2613084 ],
 [-1.04650795],
 [ 0.14658413],
 [ 0.24198884],
 [-0.63609152],
 [ 0.14299523],
 [ 0.4286292 ],
 [ 0.97542088]]"
poisson_16_12_3,10,2,12,16,11.626545682388384,7.269957041523864,"[[ 5.22402277e-02, 4.30711548e-01],
 [ 3.15334299e-01, 4.45303313e-01],
 [ 8.66369557e-02, 3.37853751e-01],
 [ 2.45204502e-01,-2.08119817e-01],
 [ 2.47029345e-01, 2.45982528e-01],
 [ 2.61219955e-01, 1.92077825e+00],
 [ 1.34763404e-01, 9.82541420e-02],
 [ 1.94063930e+00, 1.51195080e+00],
 [ 1.77611156e+00, 6.24850465e-01],
 [ 6.96971932e-01, 8.83444615e-01],
 [ 3.68573279e-01,-1.63103528e-01],
 [ 2.03270824e-01, 1.73830598e-01],
 [ 4.33678769e-01, 4.06248509e-01],
 [ 7.39746730e-02,-1.59849782e-01],
 [ 2.21259294e-01, 6.14279949e-02],
 [ 1.06125040e+00, 6.44998454e-01],
 [ 7.03708894e-01, 9.02325088e-01],
 [ 3.22431861e-01, 1.04409489e+00],
 [ 1.34900725e-01, 8.79498989e-02],
 [ 2.20529915e-01, 8.65550236e-01],
 [ 1.04481597e+00, 6.43015273e-01],
 [ 6.82571464e-01, 2.02438396e-01],
 [-1.94276077e-01,-9.12281489e-01],
 [ 1.67580958e-01,-1.26748959e+00],
 [ 1.63618029e-01, 3.45292874e-01],
 [-1.47128699e-01, 1.90265784e-01],
 [-5.52915181e-01,-1.30988135e+00],
 [-9.30404724e-01, 3.01822342e-01],
 [ 6.97716528e-01, 1.69531565e-01],
 [ 6.91082307e-01, 8.95866157e-01],
 [ 5.81012599e-02, 6.16411236e-01],
 [-1.75147334e-01, 5.28689184e-02],
 [-8.74359236e-01,-5.63011969e-01],
 [-3.29656530e-02,-3.26798799e-02],
 [ 5.82383280e-02, 4.38630441e-01],
 [ 1.96368644e+00, 1.50193084e+00],
 [-2.48099883e+00,-7.33510094e-01],
 [ 6.85556152e-01, 1.58058884e-01],
 [ 1.06492227e+00,-6.07663317e-01],
 [ 1.88766939e+00,-1.33260808e+00],
 [ 6.90358860e-01, 9.17474417e-01],
 [-1.60405149e+00, 5.55141068e-02],
 [ 1.45617287e-01, 1.10052686e-01],
 [-1.26298735e-01,-2.18052898e+00],
 [-5.96781550e-01, 4.05322514e-01],
 [ 2.25062701e-01, 2.01140309e-01],
 [ 2.74663693e-01,-1.94958623e-01],
 [ 1.61186936e+00, 1.26463719e+00],
 [ 2.43148925e+00, 2.64425185e-01],
 [-2.41753735e-01,-1.29464254e+00],
 [-1.06160776e-03,-5.31618054e-02],
 [-1.56375376e-01, 2.45338625e-01],
 [ 4.22937991e-02, 6.56883464e-01],
 [ 7.19934807e-02, 3.27764399e-01],
 [-1.25853251e+00, 3.35692021e-01],
 [-6.73804403e-02,-1.70726320e+00],
 [ 1.53613286e+00, 5.36485887e-01],
 [ 2.04678011e-01, 4.09033554e-01],
 [-1.02676943e+00, 1.21960653e-01],
 [-2.13407988e-02, 4.48227986e-01],
 [-2.01759531e-01,-5.46029267e-01],
 [-5.31422794e-01, 1.60830834e+00],
 [-5.46140627e-02, 4.10178623e-01],
 [-2.51186130e-01,-7.74844291e-01],
 [ 1.45925932e-01, 4.78737496e-01],
 [-1.71853105e-01,-1.21152880e+00],
 [-4.60947342e-01, 2.36989492e-01],
 [-1.13711707e+00,-4.85707851e-01],
 [ 1.54662759e+00, 5.11674542e-01],
 [-1.24425942e+00, 1.26492727e+00],
 [-6.03566585e-01,-1.11428826e+00],
 [-5.20931624e-01,-1.09773629e+00],
 [-3.03283165e-01,-1.17119316e+00],
 [-8.73570437e-01, 1.05633012e+00],
 [-2.61674325e-01, 8.92747558e-01],
 [-8.71877812e-01, 1.13901408e+00],
 [-1.06854800e+00,-4.56520946e-01],
 [-6.58247235e-01,-1.08137808e+00],
 [ 2.38252976e-01,-1.10330962e+00],
 [-2.83980803e-01,-5.89044365e-02],
 [-4.66788299e-01,-1.15228089e+00],
 [-8.37198286e-01,-5.38263299e-01],
 [ 1.00774898e-02,-8.11434997e-01],
 [-2.36828883e-01, 4.96301304e-01],
 [-5.43862182e-02, 1.01013761e+00],
 [ 5.19981041e-01, 1.13710836e+00],
 [-7.48958978e-01, 5.25213121e-03],
 [-9.07027021e-01, 8.62792751e-01],
 [-9.09275627e-01, 3.37517533e-01],
 [-5.14948518e-01, 1.03877824e+00],
 [-1.12127960e-01,-1.51305625e+00],
 [ 1.52103528e-01, 1.33778782e+00],
 [ 5.96174114e-01, 4.10934159e-01],
 [ 4.96618916e-01,-5.46531389e-01],
 [ 1.33905527e-01, 2.69064123e-01],
 [-1.63472115e-01,-2.33887241e+00],
 [ 4.02484773e-01, 1.06212491e-01],
 [ 2.47113811e-01, 2.18110185e+00],
 [ 1.06820724e+00, 6.34446069e-01],
 [-2.48392976e+00,-7.60632108e-01],
 [-1.97141470e-01,-9.24540672e-01],
 [-1.01805981e+00,-1.54560468e+00],
 [ 1.43670578e-01,-9.13679082e-01],
 [ 1.00466684e+00, 2.21330313e+00],
 [-2.55371696e-02,-1.49979281e+00],
 [ 3.78348610e-01, 7.88605537e-01]]","[[ 1.50041988e-02,-7.59197909e-03],
 [ 5.32988607e-02,-1.08070809e+00],
 [-3.71677154e-02, 9.72957530e-02],
 [ 4.32984212e-01, 8.62523665e-02],
 [-1.45167700e+00,-5.62363033e-01],
 [ 3.80406405e-01, 3.68612697e-02],
 [ 2.03075298e-01, 1.90279509e-02],
 [ 1.18798409e-01, 1.18084086e-01],
 [ 8.46805873e-02, 5.07705469e-02],
 [ 6.99747760e-02, 1.72157179e-02],
 [ 9.73710278e-02, 3.37377859e-02],
 [ 1.90942015e-01,-6.67855304e-03],
 [ 4.39837314e-01, 1.36775637e-01],
 [ 4.46678033e-02, 2.18296165e-02],
 [-5.93277774e-02, 9.52448534e-04],
 [ 3.29615653e-02,-1.11906269e-02],
 [ 6.43068626e-02, 8.13070251e-02],
 [ 1.86655892e-01, 4.83004707e-02],
 [ 2.25148859e-01, 1.54895954e-01],
 [ 1.43171433e-01, 4.02091611e-01],
 [ 8.23402369e-01, 2.79448791e-01],
 [ 5.59204176e-01, 3.54546441e-01],
 [-3.23304913e-01,-2.72143421e-01],
 [-3.07141027e-01,-2.51255098e-01],
 [-4.15870235e-01, 2.17210719e-01],
 [ 2.22092181e-01, 4.90230773e-01],
 [-1.15002530e-01,-5.49929624e-01],
 [-7.31771088e-01, 2.64193295e-01],
 [-1.95837035e-01,-3.87243462e-01],
 [ 9.87478525e-01, 7.30794930e-01],
 [ 3.79859664e-01, 6.59023163e-01],
 [ 7.80762813e-01, 1.28062472e-01],
 [-2.26426094e-02, 6.85570480e-02],
 [ 4.88652945e-01, 1.20742359e-01],
 [ 3.61268870e-01, 1.41552530e-01],
 [-8.55553194e-01,-7.56072674e-01],
 [-4.44806474e-01, 1.90254873e-01],
 [ 6.96162018e-01, 1.24800521e-01],
 [-3.98355809e-01, 9.69550495e-01],
 [ 4.67635896e-01, 6.73741800e-01],
 [ 1.31894673e+00,-4.32957486e-02],
 [ 4.14241196e-01, 2.47302675e-01],
 [ 1.57977691e-01, 3.76785461e-01],
 [-1.79622910e-01, 7.88850835e-01]]"
poisson_16_12_3,10,3,12,16,11.546362632576834,7.067721587439654,"[[ 3.26348924e-01, 5.82418067e-01, 4.67682952e-01],
 [ 4.13825348e-01, 1.32986313e+00, 9.87557718e-01],
 [-2.79186699e-02, 7.13366815e-02, 8.37974351e-02],
 [ 4.80589208e-02,-1.07434130e-01, 4.22999794e-02],
 [ 2.73522524e-01, 3.84531326e-01,-7.18923652e-01],
 [ 1.56503797e-01, 5.77057852e-01, 8.16374967e-01],
 [-3.14201865e-02, 1.98531681e-01, 5.67561160e-01],
 [ 6.09999360e-01, 6.66267684e-01, 1.53728532e+00],
 [ 9.49424259e-01, 1.28471257e+00, 3.04804543e-01],
 [ 4.69725261e-01, 1.75437776e-01, 4.88069938e-01],
 [-2.75053950e-01,-5.85352211e-01, 1.42144726e+00],
 [-3.33698198e-02, 2.11288601e-01, 1.44601422e+00],
 [ 8.23715413e-01, 7.75385932e-01, 1.06611280e+00],
 [ 1.07498278e-02,-7.15130603e-02,-5.53926239e-01],
 [-2.11362861e-02,-2.38145484e-02, 1.02646338e-01],
 [ 3.43772478e-01, 3.90709957e-01, 6.16736919e-01],
 [ 4.75832572e-01, 2.14723088e-01, 4.68212359e-01],
 [ 3.34864807e-01, 8.78610568e-01, 4.23200179e-01],
 [-3.20893893e-02,-1.72634668e-02, 2.02843033e-01],
 [ 3.06665838e-01, 7.58564523e-01, 4.81739097e-01],
 [ 3.00291602e-01, 3.87681737e-01, 5.86970780e-01],
 [ 2.99241579e-01, 4.41701162e-01, 4.55280759e-01],
 [-3.10812948e-01, 3.11711471e-01,-3.58675741e-01],
 [-2.70287559e-02, 1.78124686e-01,-3.51472157e-01],
 [-1.00385965e-01, 2.37138081e-01, 3.91823854e-02],
 [ 7.95626780e-01, 1.16923962e-01,-1.65771274e+00],
 [ 3.66666788e-02,-4.62685585e-01, 6.12822183e-01],
 [ 6.45324137e-01,-1.16632140e-01,-2.44298233e-01],
 [ 2.96831281e-01, 4.17919519e-01, 4.57930042e-01],
 [ 4.51171796e-01, 1.85098163e-01, 4.66698548e-01],
 [ 6.36168439e-02, 3.43377653e-01, 5.69909674e-01],
 [-2.54524187e-02,-8.11627027e-02,-3.39206198e-02],
 [ 1.03350347e-01,-9.51213642e-01, 2.42508251e-01],
 [ 5.58153525e-02,-1.91892288e-01, 1.00526606e-01],
 [ 3.43947028e-01, 6.05292622e-01, 4.61506258e-01],
 [ 6.21534451e-01, 6.61728928e-01, 1.50912096e+00],
 [-1.01490554e+00,-7.01679929e-01,-5.14937576e-01],
 [ 3.16820086e-01, 4.42029907e-01, 4.54928463e-01],
 [ 1.21073946e+00, 2.09875083e-01,-2.76138606e-01],
 [ 1.41401976e+00, 1.17430697e+00,-1.64002046e+00],
 [ 4.53986869e-01, 1.82442310e-01, 4.54101125e-01],
 [ 2.18802644e-02, 9.11278518e-01, 6.82274753e-01],
 [-4.74442006e-02, 7.73521333e-03, 1.72811967e-01],
 [-1.66697451e+00,-4.94275301e-01,-1.01326886e+00],
 [-1.29479520e+00,-3.05028814e-01,-1.72885230e+00],
 [-4.42350551e-02, 1.75571291e-01, 1.40663791e+00],
 [ 2.62942790e-02,-1.45591954e-01, 1.63813155e-02],
 [ 1.05624142e+00, 6.28024168e-01, 3.66874812e-01],
 [ 1.17482785e+00, 3.72712790e-02, 1.36319820e+00],
 [-1.50185794e+00,-7.34480462e-01,-1.23591648e+00],
 [ 4.66941903e-02,-2.27733954e-01, 9.77683663e-02],
 [-2.95344553e-01,-1.10713379e-02,-1.15277720e+00],
 [ 5.66606616e-02, 3.00678860e-01, 5.97257013e-01],
 [-6.44569466e-02, 1.13441861e-01, 6.44204683e-02],
 [ 9.12139314e-01,-5.74841132e-01,-4.72242232e-01],
 [-1.07780739e-01,-6.69311859e-01,-5.43886482e-01],
 [ 4.55130958e-01, 1.00838638e-01,-7.50717017e-01],
 [-4.33750967e-01,-1.60686668e-01, 3.81419255e-01],
 [ 5.31399009e-02, 3.10100005e-01, 4.42016791e-01],
 [-1.98658163e-01,-2.42226554e-01, 1.58203768e+00],
 [-3.07785952e-01,-8.46193793e-01,-7.20855329e-01],
 [-2.74270784e-01,-1.52678901e-01,-5.43214286e-01],
 [ 1.55609304e-01, 5.03507865e-02,-8.72191828e-02],
 [-5.13519738e-01,-1.48826792e+00, 6.04383117e-01],
 [-2.52587335e-01, 2.10972845e-01,-5.58526755e-01],
 [ 2.37516343e-01,-6.31943554e-01,-5.46196147e-01],
 [ 1.29077739e-01,-4.68218398e-01, 6.10119007e-01],
 [-6.15844613e-01, 6.46515481e-02, 4.61981111e-01],
 [-2.79393930e-01, 1.19645653e+00,-4.62917236e-01],
 [ 1.04581304e-01,-4.52632852e-01, 6.55622377e-02],
 [-5.24424196e-01, 1.72379605e-01, 3.17902550e-01],
 [-1.92641076e-01,-2.10504653e-01, 7.47821843e-01],
 [-8.67619375e-01,-1.03988498e-01, 5.34485287e-01],
 [ 6.14910960e-02,-3.53971208e-01,-4.22767972e-01],
 [ 3.74476150e-01, 3.09200522e-02,-6.91162947e-01],
 [-5.81253333e-01, 8.55879127e-01, 6.67619129e-01],
 [ 5.13165320e-01, 3.59749475e-01,-8.94480527e-01],
 [ 5.30312860e-02, 5.20729813e-01,-1.24194053e+00],
 [-2.76198773e-01,-4.20578045e-01, 1.49294592e+00],
 [ 6.90221962e-01,-3.86130208e-02,-4.28401014e-01],
 [-1.22215570e-01, 4.36028861e-01,-5.31551123e-01],
 [-4.27114825e-01, 7.85357397e-01,-5.70097825e-01],
 [-2.06366862e-01,-3.86285708e-01, 1.45168451e+00],
 [ 6.28196600e-01,-8.99120106e-01,-1.20690363e+00],
 [-4.38338884e-01,-6.27191849e-01,-6.13315120e-01],
 [ 7.89580950e-02, 7.08607870e-01, 7.48222829e-01],
 [ 3.71493554e-01, 1.96723053e-01, 7.62916010e-01],
 [-1.04983897e+00, 3.04797375e-01, 9.74563240e-01],
 [-2.71848977e-02,-7.50609050e-01, 9.77746367e-01],
 [ 9.09169676e-02, 4.83201386e-01,-2.68433816e-01],
 [-2.72732663e-01, 1.11196024e-01, 5.80352966e-01],
 [ 2.66608974e-01, 2.64330166e-01, 1.73051119e-01],
 [ 4.79805789e-01, 1.25619131e+00, 3.27710525e-01],
 [ 2.64908730e-01, 3.81109388e-01,-3.14415669e-01],
 [-7.40030332e-03,-6.54038780e-02,-2.60248181e-01],
 [ 2.89173043e-01,-3.71621817e-01,-5.39546595e-01],
 [ 3.01282080e-02, 1.48287172e-03,-6.35673684e-01],
 [ 3.99266601e-01,-3.48747013e-01, 6.27717899e-01],
 [ 3.06081331e-01, 3.88596517e-01, 5.82168024e-01],
 [-1.01633211e+00,-6.95133722e-01,-4.87965423e-01],
 [-2.85728521e-01, 3.38093892e-01,-3.95538058e-01],
 [-6.44123639e-01,-9.21045503e-01,-2.48385665e-01],
 [ 1.55174602e+00,-8.33563719e-01,-1.30184529e+00],
 [ 7.10379027e-01, 1.57922238e-01, 1.32741600e-01],
 [ 2.13411311e-01,-1.78541259e-01,-2.92593995e-01],
 [ 1.15795771e+00, 1.16625257e+00, 7.64579968e-01]]","[[ 0.37770944, 0.03516621, 0.12792131],
 [-0.03595572,-0.24773255,-0.90347908],
 [-1.06894173, 0.06091885, 0.2326446 ],
 [ 0.58761578, 0.16048848, 0.17353892],
 [-0.64803737,-0.06456771, 0.14257011],
 [ 0.19304683, 0.16858941, 0.43465567],
 [ 0.08165659, 0.27362886,-0.04950023],
 [ 0.2150187 , 0.33037479,-0.19091553],
 [ 0.11720522, 0.12791867, 0.0547433 ],
 [ 0.07225739, 0.07731619, 0.03479238],
 [ 0.25128479, 0.23982154, 0.05587265],
 [ 0.28747275,-0.08264776,-0.33860793],
 [ 0.38105334,-0.11829957, 0.21942372],
 [-0.02566051, 0.18640506, 0.03194432],
 [-0.35264143,-0.03433534, 0.31193603],
 [ 0.77940258, 0.39648428, 0.18342708],
 [ 0.05551401, 0.24285791, 0.30266857],
 [-0.06674029, 0.19455916, 0.10806843],
 [ 0.10786167, 0.08606923, 0.06530157],
 [ 0.22225075, 0.12238181, 0.46414982],
 [ 0.2047092 , 0.17920419, 0.04184708],
 [ 0.02401315, 0.79095666, 0.04049863],
 [-0.34490307,-0.81712694,-0.21621603],
 [ 0.17213334, 0.20879834, 0.01494067],
 [ 0.04204849, 0.00549943, 0.67962058],
 [ 0.79280465, 0.10358668,-0.02044633],
 [-0.96152584,-0.15948159,-0.06875142],
 [-0.1643442 ,-0.46629648, 0.27876324],
 [ 0.88053643,-0.61433699, 0.01826784],
 [ 0.60707502, 0.53353085, 0.156805  ],
 [ 0.22106832, 0.34434308, 0.36224417],
 [ 0.05155828, 0.0062588 ,-0.00388782],
 [ 0.01244299, 0.06262552, 0.11377203],
 [ 0.14145455, 0.07173533, 0.23561799],
 [ 0.88649757, 0.14888824, 0.27546413],
 [-1.26666167,-1.32129526, 0.64434689],
 [-0.4300521 , 0.22704246,-0.51611628],
 [ 0.47954539,-0.29975667, 0.04652405],
 [ 0.00791626,-0.02627362, 0.09419235],
 [ 0.09163578, 0.13364224, 0.03260327],
 [ 0.23862801, 0.12800003, 0.15836232],
 [ 0.13955505, 0.00389696, 0.24208686],
 [ 0.31271796, 0.04388491, 0.24757363],
 [-0.19931137, 0.49388636, 0.83089685]]"
poisson_16_12_3,11,1,12,16,10.846788515123722,8.77175244762699,"[[ 0.33038058],
 [ 0.85178388],
 [ 0.31760255],
 [ 1.94868729],
 [ 0.87086528],
 [ 0.36112952],
 [-0.10993512],
 [ 0.83878455],
 [ 1.54002998],
 [-0.22218171],
 [ 1.95202123],
 [-0.23299084],
 [ 0.16792289],
 [ 0.27676566],
 [ 0.26774592],
 [ 0.36807556],
 [ 0.39828999],
 [ 0.14732634],
 [ 1.30547778],
 [ 0.30013008],
 [-1.91449014],
 [ 0.08230319],
 [ 0.08219108],
 [ 0.26793555],
 [ 0.29640569],
 [ 0.93478534],
 [ 1.27988965],
 [-0.00444253],
 [ 0.18663805],
 [ 0.23186006],
 [-1.02809721],
 [-0.85013521],
 [-0.28699987],
 [ 1.29519342],
 [ 0.2403669 ],
 [-0.47908325],
 [-0.30298753],
 [ 0.10868578]]","[[ 1.45209702e-01],
 [ 2.73893529e-01],
 [ 1.65365495e-01],
 [-2.94620269e-01],
 [ 6.90183028e-01],
 [-8.66205462e-04],
 [ 9.53961760e-02],
 [-5.51767236e-01],
 [ 2.08653864e-01],
 [-1.69615081e-01],
 [-8.30532484e-01],
 [ 6.27622791e-01],
 [ 5.25236648e-01],
 [-1.95861630e-01],
 [-5.81522269e-02],
 [ 1.26382328e-01],
 [ 5.31770407e-02],
 [ 1.54107969e-02],
 [-6.95964846e-02],
 [ 2.06916527e-02],
 [-4.23232198e-01],
 [ 1.03228865e+00],
 [ 8.45881616e-01],
 [ 1.04852042e-02],
 [-1.18504219e-01],
 [ 4.28586224e-01],
 [ 3.25044560e-01],
 [ 5.75188755e-01],
 [ 3.69203789e-01],
 [ 5.43666204e-01]]"
poisson_16_12_3,11,2,12,16,10.803315648649539,7.24862910326964,"[[-0.02813607, 0.42235999],
 [-0.12018208,-0.08800261],
 [-0.02263638,-0.44072359],
 [-0.020593  , 0.59929987],
 [ 0.23353126, 2.29904885],
 [ 0.56328798, 0.23595402],
 [ 0.15487006, 0.20168979],
 [ 0.25582552, 0.11193886],
 [-0.05043731, 0.86913265],
 [ 0.26763831,-0.34161951],
 [-0.01533766, 0.60442131],
 [-2.26143149, 0.44409283],
 [ 0.04232743, 0.40876353],
 [ 0.0626792 , 0.00780245],
 [-0.1223474 , 0.53623639],
 [ 0.01470191, 0.21165811],
 [ 0.06471845, 0.26452741],
 [ 0.05626759, 0.43577594],
 [ 0.01962823, 0.82228491],
 [-0.0556559 , 0.44690003],
 [-0.18923943,-1.72872692],
 [ 0.03029582, 0.15289339],
 [ 1.73688541, 0.45951824],
 [ 0.05044464, 0.2301938 ],
 [ 0.03138074, 0.0298386 ],
 [ 2.06123406, 1.0757599 ],
 [ 0.02976456, 0.64186274],
 [-0.16875007, 0.06873112],
 [-0.1672219 , 0.53900424],
 [-0.10882363, 0.54255046],
 [-0.71267598,-0.82596869],
 [-0.30435881,-0.40715752],
 [ 2.37781192, 0.00815957],
 [ 0.03095983, 0.62012778],
 [-1.73619209,-1.08762968],
 [ 0.31858244,-1.88185219],
 [ 0.17364009, 1.80621295],
 [ 1.37172603, 0.76690429]]","[[ 4.43698294e-01, 7.16485676e-02],
 [-6.17446089e-01, 7.15069028e-01],
 [ 6.12445202e-01, 1.08264794e-01],
 [-5.78008529e-02,-4.77650733e-01],
 [ 3.65334935e-03, 3.11555783e-01],
 [-1.28492975e+00, 3.02948880e-01],
 [ 3.40967541e-01, 4.95698825e-01],
 [ 9.21625707e-01,-3.91104989e-02],
 [ 2.13539548e-01, 1.19439578e-01],
 [-1.53899537e+00,-2.06868459e-01],
 [-1.24447570e+00,-9.58827929e-01],
 [-6.20745190e-01,-2.86557413e-01],
 [ 6.10621693e-02, 2.43261687e-01],
 [-1.58909772e-01,-4.74202785e-01],
 [ 2.00078632e-01,-2.04174614e-01],
 [ 2.79134494e-01,-1.35709768e-01],
 [ 3.20235508e-01, 8.70571601e-02],
 [ 1.64151161e-01,-5.28549757e-02],
 [ 6.87199973e-01, 3.42863202e-03],
 [ 2.84749337e-01, 5.16194742e-03],
 [-3.12686453e-01, 7.29628418e-01],
 [ 6.00432035e-02, 6.90072822e-01],
 [ 9.42453131e-01, 4.09304378e-01],
 [ 4.75182174e-01,-2.83762576e-01],
 [ 5.84240763e-01, 4.54373807e-04],
 [ 4.18784264e-01, 1.20067998e-01],
 [-4.21726477e-01, 6.28130521e-01],
 [ 1.16233143e-01, 4.88327727e-01],
 [ 1.10941903e-01, 2.19736100e-01],
 [ 1.05005259e+00,-8.41319013e-02]]"
poisson_16_12_3,11,3,12,16,10.74384805400242,7.125411439895379,"[[-0.04385678, 0.0993594 , 0.73147212],
 [-0.03751039, 0.39232901, 0.00299261],
 [ 0.02060573, 0.41178754,-0.36308107],
 [ 0.18842943, 0.40567597, 0.49329915],
 [ 0.11860889, 1.00278925, 1.1917921 ],
 [ 0.2503675 , 0.89805136,-0.47947049],
 [ 0.33949428, 0.09458955, 0.29839914],
 [ 0.15352363, 0.54099524, 0.80781262],
 [ 0.15391818, 0.68891231, 0.35653558],
 [-0.03143211, 0.47204269,-0.5595759 ],
 [ 0.1695394 , 0.39273895, 0.46253554],
 [-1.13288806, 0.03542841, 1.51943385],
 [ 0.08061846,-0.03150501, 0.72907799],
 [ 1.15791975, 0.05111601, 0.49083747],
 [-0.43574001, 0.44095649, 0.64576414],
 [ 0.01417212,-0.23091182, 0.61796249],
 [ 0.06204311, 0.11409215, 0.09769837],
 [ 0.08866088, 0.00816019, 0.75249751],
 [-0.01607188, 0.68747939, 1.14575844],
 [-0.02543875, 0.08648896, 0.71024479],
 [-1.14986547,-0.26841579,-0.20146833],
 [-0.07997455, 0.04479573, 0.41796112],
 [ 1.66050122, 0.322312  , 0.38284195],
 [ 0.67901827, 0.11567631, 0.37304778],
 [ 1.14004901, 0.0444569 , 0.47232432],
 [ 0.57459808, 1.19169063, 0.82341188],
 [-0.01704407, 0.26022549, 0.29173541],
 [ 0.31093868, 0.22206094, 0.08509965],
 [ 0.1847569 ,-0.28435858, 0.20477585],
 [-0.41517461, 0.46819805, 0.6536508 ],
 [-0.23282136, 0.03390892,-1.22656602],
 [-0.02400536,-0.13682209,-0.55774989],
 [-0.11928438, 0.09128349, 0.48045694],
 [-0.01977792, 0.25942117, 0.2892379 ],
 [-0.34163135,-1.35376836,-0.75897247],
 [ 0.04454741,-0.44240496,-1.4911737 ],
 [ 0.01275045,-0.24384945, 1.60297664],
 [ 0.07362601, 0.21611488, 0.89228057]]","[[ 0.50477598, 0.02711744, 0.19556324],
 [-0.59081315,-0.4881189 , 1.05599249],
 [ 0.37361722, 0.02156389, 0.21162283],
 [ 0.01675396, 0.09443891, 0.11236992],
 [ 0.09844116, 0.07114729, 0.20046041],
 [-0.92239386,-0.68674881, 0.15973563],
 [ 0.17594693,-0.10712399, 0.37394994],
 [ 0.60360241,-0.08885918,-0.20989084],
 [ 0.03114846, 0.07519799, 0.10215546],
 [-0.39938392,-1.3220745 ,-0.19454595],
 [-0.65343976,-1.0184067 ,-0.50501418],
 [-0.9837538 , 0.01492107,-0.00156168],
 [ 0.3136371 ,-0.05008301,-0.01697048],
 [-1.38483332,-0.22987728, 0.1396289 ],
 [ 0.25218335, 0.11864128,-0.03416487],
 [ 0.27778561, 0.70801875,-0.08701933],
 [-0.89896939, 0.8217861 , 0.1540647 ],
 [ 0.79933988,-0.41693231, 0.07284349],
 [ 0.25210216, 0.11740411, 0.00235936],
 [ 0.21189666, 0.13975454,-0.01668797],
 [-0.62466167,-0.42531167, 0.91251327],
 [-0.49958964, 0.9555521 , 0.2880543 ],
 [ 0.94418684, 0.4504115 , 0.51299709],
 [ 0.07324638, 0.34196819, 0.17100193],
 [ 0.42500579, 0.48696118, 0.12143918],
 [ 0.33808503, 0.65740619, 0.02981182],
 [ 0.14459708, 0.35042268,-0.08397368],
 [ 0.1461717 , 0.2105733 , 0.08233695],
 [ 0.06538965, 0.20731315, 0.10651661],
 [ 1.25905491, 1.09977278, 0.3660239 ]]"
poisson_16_12_3,12,1,12,15,11.86807858323403,8.467793101965832,"[[-0.03638758],
 [ 1.0350903 ],
 [ 0.02536332],
 [-0.04055124],
 [ 0.29681431],
 [-0.09129783],
 [-0.08505867],
 [-0.0941796 ],
 [ 0.15389817],
 [ 0.06431667],
 [-0.03709511],
 [ 0.15765372],
 [ 0.14136664],
 [ 0.79909041],
 [ 1.3156984 ],
 [ 1.03858895],
 [-0.74969939],
 [ 0.80431129],
 [-0.81589359],
 [ 1.09224911],
 [ 0.92735476],
 [ 2.46764284],
 [-1.54255402],
 [-2.31357288],
 [ 1.44679333],
 [-0.33875738],
 [ 0.29298786],
 [ 0.70315553],
 [ 0.14861368],
 [-0.0201608 ],
 [-1.54073654],
 [ 0.29563924],
 [-0.09795724],
 [ 1.03172139],
 [ 1.78139812],
 [-0.11846317],
 [ 2.36125632],
 [-1.08127741],
 [-0.58521198],
 [-0.23877769],
 [-0.92140169],
 [-0.59352134],
 [-1.51061329],
 [-0.80175629],
 [ 1.09618611],
 [ 1.06339694],
 [-0.10637197],
 [ 0.18972515],
 [ 1.03852915],
 [-0.1280568 ],
 [ 0.25793096],
 [ 0.85965162],
 [ 0.16137378],
 [ 2.45276064],
 [ 0.25857745],
 [-1.11633196],
 [ 0.20224479],
 [-0.09123239],
 [ 1.38786378],
 [-0.25105823],
 [-0.28765025],
 [ 2.46279184],
 [-0.24638676],
 [ 0.23942222],
 [ 2.38892503],
 [-1.0785195 ],
 [-0.56192566],
 [-0.07551117],
 [ 0.05003689],
 [ 0.16588778],
 [-0.01001662],
 [ 0.29014743],
 [ 0.23769078],
 [-0.21952734],
 [-0.00676659],
 [ 0.24686751],
 [ 0.10155637]]","[[ 0.17610632],
 [ 0.22332675],
 [ 0.01724738],
 [ 0.17117099],
 [ 0.38098442],
 [ 0.59827291],
 [-0.15664971],
 [ 0.3384896 ],
 [-0.06521215],
 [ 0.51385948],
 [ 0.15554177],
 [-1.53114693],
 [-0.03074274],
 [ 0.52322563],
 [-0.03954398],
 [ 0.84062221],
 [ 0.89795778],
 [ 0.47098193],
 [ 0.21267847],
 [-0.04913235],
 [ 0.10207436],
 [ 0.20067103],
 [ 0.20934504],
 [ 0.01029247],
 [ 0.6346929 ],
 [ 0.05504256],
 [-0.05908394],
 [ 0.0196679 ],
 [ 0.29604031],
 [ 0.16385199],
 [ 0.07983144],
 [ 0.31332826],
 [ 0.77696465],
 [ 0.36310264],
 [ 0.09891309]]"
poisson_16_12_3,12,2,12,15,11.780442049237415,7.766223692382464,"[[ 0.12740676, 0.18449759],
 [ 0.29457907, 0.65285392],
 [ 0.09139095, 0.27084667],
 [ 0.09151393, 0.52405246],
 [-0.11929279, 0.46124699],
 [-0.07928184,-0.86640786],
 [-0.78586673,-0.03733989],
 [-0.11086401,-0.47693515],
 [ 0.18663107, 0.37989498],
 [ 0.11487941, 0.47408501],
 [ 0.0134134 , 0.23812621],
 [ 0.17282089, 0.37585224],
 [ 0.14350369, 0.58918157],
 [ 0.05780538, 0.43289907],
 [-0.19239483, 0.36614906],
 [ 0.29733775, 0.67614167],
 [ 1.50808793, 0.69627303],
 [ 0.07865239, 0.46436071],
 [ 0.459722  , 1.71897636],
 [ 0.80902523, 0.64048787],
 [ 1.06149514,-0.40980884],
 [ 1.26313273, 0.50607339],
 [ 0.47221489,-0.56518661],
 [-1.73067727,-0.28685802],
 [ 1.97222452, 0.62223572],
 [-0.25273432,-0.95363472],
 [ 0.19088148, 0.34714947],
 [-0.27969459, 0.17736571],
 [-0.05342695,-0.62405322],
 [ 0.08200438, 0.52033843],
 [ 1.95147477, 0.53455632],
 [ 0.3930597 , 0.34054092],
 [-0.08295132,-0.8855844 ],
 [ 0.71468601, 0.52771332],
 [ 0.60223134, 0.79022272],
 [-0.08766623,-0.45690058],
 [ 0.99629301, 0.20758249],
 [-1.75332141,-0.58849074],
 [ 0.23804647,-0.34025745],
 [-0.23891605,-1.48197826],
 [-0.15972926, 0.41600837],
 [-0.07118225,-0.79622992],
 [-0.77268898,-0.39715916],
 [-0.0472968 ,-0.22486238],
 [ 0.84055574, 0.63379036],
 [ 0.67214588, 0.54939913],
 [-0.81505446,-0.04381827],
 [ 0.59376127, 0.7783511 ],
 [ 0.70824754, 0.54401072],
 [-0.0961422 ,-0.43379096],
 [ 0.1974792 ,-0.28201732],
 [-1.33472702, 0.83313958],
 [ 0.15874354, 0.35904651],
 [ 1.26958975, 0.52673119],
 [ 0.0578053 ,-0.33127711],
 [-1.73245626,-0.55716719],
 [ 0.10131021,-0.38883551],
 [ 0.02258322,-0.06679798],
 [ 0.36809357, 0.34733086],
 [-0.14537042,-0.45309466],
 [-0.01192778,-0.40450067],
 [ 1.25397392, 0.5186662 ],
 [-0.11188142,-1.24388037],
 [ 0.04318993,-0.32498287],
 [ 0.9592246 , 0.19451589],
 [-1.73812656,-0.55324866],
 [ 0.24650498,-0.3590978 ],
 [ 0.1506469 , 0.76485772],
 [ 0.09506692, 0.29066038],
 [ 0.13451971, 0.58298393],
 [ 0.15139065, 0.19312697],
 [ 0.37399589, 0.36340397],
 [ 0.05088607,-0.11941774],
 [ 0.31317059, 0.47624465],
 [ 0.12321238, 0.51083576],
 [ 0.03016315,-0.13193774],
 [-0.1068634 ,-0.25361983]]","[[ 8.65648216e-02, 5.56778840e-01],
 [ 3.91537689e-01, 3.24033441e-01],
 [ 1.16212980e-03, 1.47842887e-01],
 [ 6.41174380e-01, 4.10484594e-01],
 [ 4.04561465e-01, 4.09123498e-01],
 [ 3.68797867e-01, 1.36271128e-01],
 [ 3.58297311e-01, 2.79001418e-02],
 [ 2.96831858e-01, 5.72809134e-01],
 [-3.06536282e-02, 5.95084786e-03],
 [ 7.66822298e-01, 1.00060299e-01],
 [ 5.27734787e-01, 5.91225789e-02],
 [-1.28583742e+00,-3.38313971e-01],
 [ 4.34929026e-02,-5.24968750e-04],
 [ 4.89470534e-01, 1.62614588e-01],
 [ 1.28958039e-01, 5.70842376e-02],
 [ 5.70846008e-01, 3.34150877e-01],
 [ 8.34044589e-02, 6.21101718e-02],
 [ 3.73522533e-01, 1.14737766e-01],
 [ 1.63566120e-01, 5.88194890e-02],
 [ 1.37450401e-01, 1.47347920e-02],
 [ 4.21648055e-02, 3.61592764e-02],
 [ 3.23129052e-01, 9.83126056e-02],
 [ 5.10453462e-02,-3.03483890e-01],
 [-8.01217895e-02,-2.00733113e-02],
 [ 5.49296406e-01, 7.96428127e-02],
 [ 3.32160518e-01, 5.37658451e-01],
 [ 1.20141882e-01, 1.04761677e-01],
 [-2.12417841e-02, 1.90684491e-02],
 [ 2.60604461e-01, 1.51816373e-01],
 [ 5.92737052e-02, 2.12552507e-02],
 [-2.23737636e-02, 1.30719887e-01],
 [-1.67181737e-01, 1.63819471e-01],
 [ 4.51517568e-01, 2.52463525e-01],
 [ 2.09404064e-01, 1.85951067e-01],
 [ 4.90001395e-01, 4.07275836e-01]]"
poisson_16_12_3,12,3,12,15,11.700738843295051,7.622483063402194,"[[ 0.10020767, 0.18203586, 0.48841522],
 [ 0.22793622, 0.45729292, 0.84735106],
 [ 0.07385597, 0.18344362, 0.30714501],
 [ 0.05143907, 0.13330996, 0.27691083],
 [-0.11518013,-0.32189703,-0.10407332],
 [-0.03281539,-0.24318685,-0.31006701],
 [-0.35405348,-0.52232076,-0.67980701],
 [-0.07704694, 0.03640616,-0.28237902],
 [ 0.24255203, 0.342378  , 0.65842988],
 [ 0.20196455, 0.4059237 , 0.40431321],
 [ 0.17410049, 0.51874019, 0.48485834],
 [ 0.2523066 , 0.33798493, 0.63650716],
 [ 0.17564224, 0.28120919, 0.48031757],
 [ 0.26414837, 0.30965845, 0.62218338],
 [ 0.12446933, 0.40371852, 0.3522003 ],
 [ 0.2644311 , 0.45697046, 0.8315737 ],
 [ 0.41339088,-0.26535884, 0.00303636],
 [ 0.25453531, 0.3292805 , 0.64195378],
 [-0.50488583, 0.849441  , 1.1027153 ],
 [ 0.42642747, 0.53614576, 0.53177578],
 [-0.30800374,-0.06390685,-0.71409134],
 [ 0.32743448, 0.65885791, 0.61651492],
 [ 0.22132271,-0.58801538, 0.19067523],
 [-1.50863793,-0.92081801,-0.34008095],
 [ 1.56077178, 0.92034468, 0.37198695],
 [-1.4904775 ,-1.33302455,-1.90269265],
 [ 1.38731948, 0.28183896, 0.82811196],
 [ 0.7124515 ,-0.08786968,-0.51702131],
 [ 0.32723005,-0.09850367,-0.50126285],
 [ 0.04873838, 0.13203492, 0.2466489 ],
 [ 0.91864612, 0.90056125, 0.98981415],
 [ 0.13515681, 0.21606328, 0.35613168],
 [-0.01342862,-0.25064136,-0.30709341],
 [ 0.50540723, 0.50968136, 0.47742896],
 [ 0.46934681, 0.21678442, 0.51511637],
 [-0.05882679, 0.05823588,-0.27755991],
 [ 0.83658914, 0.84315345,-0.48789751],
 [-1.01884634,-1.2565438 ,-0.541885  ],
 [-0.15238777, 0.04620138,-0.10166445],
 [-0.32187557,-0.40083789,-0.62386769],
 [-0.19127572,-0.02335166, 0.14944577],
 [-0.3105919 ,-0.29931922,-0.28733564],
 [-0.61558561,-0.22334463,-0.04436146],
 [-0.36726981, 0.16633915, 1.01340324],
 [ 0.45415511, 0.53516723, 0.50949063],
 [ 0.54618249, 0.53803992, 0.48247041],
 [-0.34830416,-0.49409817,-0.66111268],
 [ 0.37644442, 0.36577638, 0.49081229],
 [ 0.52600452, 0.53079511, 0.51421238],
 [-0.07084506, 0.04157202,-0.27571558],
 [ 0.07669928,-1.01889551,-0.56418915],
 [-1.36126781,-1.39849099,-0.91187385],
 [ 0.25440294, 0.34936495, 0.61936675],
 [ 0.35762606, 0.61948953, 0.61620504],
 [-0.17604875,-0.21541554,-0.2224719 ],
 [-1.02262946,-1.25399942,-0.58559403],
 [ 0.18604373,-0.20285063,-0.49814323],
 [-0.03945362,-0.11133506,-0.32553241],
 [ 0.57908661, 0.59571701, 0.04605772],
 [ 0.10046129, 0.20238435,-0.0491208 ],
 [ 0.08830137, 0.05289796, 0.30880794],
 [ 0.33776529, 0.61629726, 0.64364251],
 [-0.38260762,-0.89531535,-0.72505641],
 [-0.14155134,-0.1760574 ,-0.17455044],
 [ 0.83648574, 0.84635922,-0.49272611],
 [-0.98644996,-1.25600487,-0.56146033],
 [-0.14655637, 0.07403197,-0.1029406 ],
 [ 0.1454029 , 0.10360213, 0.61195727],
 [ 0.07072622, 0.19203964, 0.29902847],
 [ 0.16273538, 0.25269345, 0.47005079],
 [ 0.08073794, 0.17854098, 0.50909024],
 [ 0.1401789 , 0.24799015, 0.36307928],
 [ 0.00598433,-0.05495975, 0.16112365],
 [ 0.31124721, 0.50782205, 0.94639467],
 [ 0.06923652, 0.12212511, 0.25339272],
 [ 0.01868346,-0.06125758, 0.16909181],
 [ 0.1054504 , 0.0932426 , 0.44504831]]","[[ 0.05332668, 0.30048792, 0.44959349],
 [ 0.31138939, 0.22383882, 0.1131863 ],
 [ 0.06198249, 0.02859838, 0.01437281],
 [ 0.28421203, 0.42516332, 0.61329116],
 [ 0.22490726, 0.52180942, 0.24455605],
 [ 0.31080584, 0.17671893, 0.05152752],
 [ 0.37396236, 0.12616619, 0.02795832],
 [-0.06286775, 0.30357491, 0.17759801],
 [ 0.05090915,-0.00222342,-0.026036  ],
 [ 0.59935726, 0.41268437, 0.14683555],
 [ 0.46278279, 0.30986929, 0.05908472],
 [-0.26624202,-1.24567481,-0.44052689],
 [ 0.22056694, 0.02071063, 0.02325012],
 [ 0.38569611, 0.24475646, 0.09707437],
 [ 0.2132099 , 0.13487419, 0.05288015],
 [ 0.11967528, 0.53181216, 0.25848877],
 [ 0.20821229, 0.17361696, 0.23114682],
 [ 0.36602671, 0.21653327, 0.06329152],
 [ 0.14232296, 0.07613623, 0.04095396],
 [ 0.22174021, 0.3129029 , 0.15133452],
 [-0.02710531,-0.03667522, 0.01859118],
 [ 0.34282936,-0.02624187,-0.156295  ],
 [ 0.01847683, 0.03705266,-0.02751157],
 [ 0.01511444,-0.01126797,-0.02885732],
 [ 0.45225322, 0.33473239, 0.20867489],
 [ 0.48079076, 0.50440174, 0.30815559],
 [ 0.19778656, 0.06949083, 0.03033692],
 [-0.0234075 , 0.01134084, 0.01795439],
 [ 0.05359164, 0.16711525, 0.1405177 ],
 [-0.11278476, 0.00471741,-0.0102819 ],
 [ 0.08419592, 0.16220257, 0.08389043],
 [ 0.09074214,-0.0083697 ,-0.06614926],
 [ 0.21982125, 0.14709644, 0.21839766],
 [ 0.26865196, 0.10903156, 0.0831192 ],
 [ 0.41176061, 0.48763278, 0.26617126]]"
poisson_16_12_3,13,1,12,16,13.61454044347361,10.700065148429104,"[[-2.90027584],
 [ 1.06963011],
 [ 0.17318601],
 [ 0.97498278],
 [ 0.54239058],
 [ 0.48163117],
 [-3.09282298],
 [ 0.07666763],
 [ 0.05828245],
 [ 0.2534065 ],
 [ 0.0353676 ],
 [ 0.39676812],
 [ 0.08215611],
 [ 0.3282469 ],
 [ 0.3296528 ],
 [ 1.34850239],
 [-0.09081247],
 [ 0.469534  ],
 [ 0.21891829],
 [-0.45740108],
 [ 0.06262964],
 [-0.42462849],
 [ 0.37000786],
 [ 0.19240341],
 [-0.21968867],
 [-0.65190426],
 [ 0.53719378],
 [-0.04435626],
 [-1.85052906],
 [ 0.94301561],
 [-0.10029801],
 [ 0.01109573],
 [ 0.05813493],
 [ 0.62796984],
 [ 0.27259733],
 [-0.60480826],
 [ 0.2634929 ],
 [-0.04265413],
 [ 0.1213941 ],
 [-0.64498643],
 [-0.51566722],
 [-0.00339466],
 [ 0.96395214],
 [ 0.94816425],
 [ 1.34013448],
 [-0.00723678],
 [ 0.07213742],
 [ 2.01281796],
 [ 0.19971917],
 [ 0.53184365],
 [-0.45762097],
 [ 0.40939395],
 [ 0.94448259],
 [-1.97283841],
 [ 0.019799  ],
 [ 0.08037957],
 [-0.39233815],
 [-0.09902628],
 [ 0.87377534],
 [-0.73214256],
 [ 0.44741395],
 [ 0.11710219],
 [ 0.20660661],
 [-0.02347649],
 [ 0.04154621],
 [ 0.18155932],
 [ 0.95097641],
 [ 0.23344774],
 [ 0.38377028],
 [ 0.54424159],
 [-0.0643366 ],
 [ 0.50956173],
 [ 1.01901287],
 [ 0.14524111],
 [-0.45776966],
 [-2.34909468],
 [ 0.06981374],
 [-0.05082105],
 [ 0.09125446],
 [ 0.05102467],
 [ 0.07995332],
 [ 0.17395091],
 [ 0.28437184],
 [ 0.03846322],
 [-0.0539728 ],
 [ 0.13216617],
 [ 2.0367677 ],
 [ 0.5458204 ],
 [ 0.14097999],
 [ 0.96964625],
 [ 1.3162223 ],
 [ 0.03307562],
 [-0.85312755],
 [ 0.97923724],
 [ 1.31921861],
 [-1.95440709],
 [ 0.00968301],
 [-0.38043284],
 [-0.02645684],
 [ 0.03621722]]","[[ 0.36085756],
 [ 0.41033848],
 [ 0.10065536],
 [ 0.27622586],
 [ 0.20197306],
 [ 0.04927303],
 [ 0.13942907],
 [-0.39091723],
 [-1.21484911],
 [ 0.35789728],
 [ 0.17987811],
 [ 0.50369949],
 [ 0.283346  ],
 [ 0.15311379],
 [ 0.1546653 ],
 [-0.02934991],
 [ 0.56999416],
 [ 0.14000977],
 [ 0.11790336],
 [ 0.20087162],
 [ 0.4678378 ],
 [ 0.19826262],
 [ 0.33776162],
 [ 0.09035138],
 [ 0.53579027],
 [-0.06432357],
 [-0.10289728],
 [-0.04381223],
 [ 0.12309166],
 [-0.01601134],
 [ 0.00350445],
 [ 0.66695353],
 [ 0.37984339],
 [ 0.42946906],
 [ 0.50879344],
 [ 0.24189336],
 [ 0.30660078],
 [-0.20597989],
 [ 0.00749348],
 [ 0.89739816],
 [ 0.24244923],
 [-0.03789595],
 [ 0.01517185],
 [-0.05168741],
 [-0.03592797]]"
poisson_16_12_3,13,2,12,16,13.56304839274276,10.113615753548835,"[[-0.29102674,-1.41576264],
 [ 0.36219209, 0.27879988],
 [ 0.09657127,-0.02254331],
 [ 0.73189037, 0.91422066],
 [-0.27018423, 0.62993018],
 [ 0.07532752, 0.51016936],
 [-1.64563188,-1.37885722],
 [ 0.08070336, 0.13904935],
 [ 0.17660628, 0.63898543],
 [ 0.18388602, 0.55465696],
 [-0.1051877 ,-0.11187489],
 [-0.17731271,-0.05760466],
 [-0.25403781, 0.13684862],
 [-0.04018504, 0.12394794],
 [-0.15580976,-0.74440461],
 [ 1.00827622, 0.83718265],
 [ 0.0134385 , 0.12727982],
 [-0.11443016, 0.18929464],
 [-0.15241605, 0.21620656],
 [ 0.06348082,-0.41741875],
 [ 0.20457689,-0.13124582],
 [-0.48026308, 0.2996807 ],
 [-0.14333553,-0.69587309],
 [-0.332542  , 0.36152395],
 [ 0.21778883,-0.93315057],
 [-0.04741757, 0.08617027],
 [ 0.12506417, 0.74013076],
 [-0.04733946,-0.04526264],
 [-0.1593631 ,-0.8957993 ],
 [ 0.49787683, 0.49502058],
 [ 0.05053076, 0.15129735],
 [-0.18711574,-0.35585116],
 [ 0.15956658, 0.65898571],
 [-0.10270491, 0.66477777],
 [ 0.04260564,-0.12920885],
 [ 1.12996135,-0.52215501],
 [ 0.48321831, 0.02256591],
 [-0.03190384, 0.00882763],
 [-0.10173649, 0.17025934],
 [ 0.04517741, 0.08702791],
 [-0.87268417, 0.56172563],
 [ 0.0176992 , 0.11205095],
 [ 0.72203042, 0.91208415],
 [ 0.49768621, 0.54355888],
 [ 1.02365519, 0.84212073],
 [ 0.56537998, 0.67077432],
 [ 0.06770881, 0.11900119],
 [-0.15727583, 0.95103303],
 [-0.15022588, 0.21370285],
 [ 0.11551279, 0.72466728],
 [ 0.10515095,-0.43475094],
 [-0.04454268, 0.24267395],
 [ 0.48359527, 0.50290313],
 [-0.26370471,-1.31324736],
 [-0.20427147, 0.25216823],
 [ 0.23491686,-0.12890986],
 [-0.89806411,-0.37295841],
 [ 0.3346901 , 0.97875228],
 [ 0.1395321 ,-0.27518061],
 [ 0.25930817, 0.48723405],
 [-0.67208309,-0.23395397],
 [-0.2080094 ,-0.78232946],
 [-0.01765466, 0.51878568],
 [-0.20754144, 0.24284101],
 [-0.14775032,-0.36367421],
 [ 0.09654351,-0.02962709],
 [ 0.74694319, 0.95761972],
 [ 0.193392  , 0.5557706 ],
 [-0.17163746,-0.66925066],
 [-0.24438577, 0.58713017],
 [-0.9759572 ,-0.05770633],
 [ 0.07821008, 0.50498614],
 [-0.64264248,-0.35253039],
 [ 0.24516327, 1.01405908],
 [ 0.05920213,-0.44134227],
 [-0.55134664,-1.38126131],
 [ 0.05339785, 0.12974332],
 [-0.75961037,-1.01210634],
 [-0.11197883, 0.195302  ],
 [ 0.14385859,-0.398711  ],
 [-0.18369774, 0.92442273],
 [-0.11142556, 0.22732115],
 [ 0.03711249, 0.46552565],
 [ 0.02956145,-0.53053237],
 [-0.05631844, 0.02000332],
 [ 0.22910294, 1.01605671],
 [-0.18036036, 0.92514395],
 [ 0.12422137, 0.71982095],
 [ 0.23603026, 0.9825033 ],
 [ 0.48170576, 0.49499738],
 [ 0.98184097, 0.81342226],
 [ 0.52350933, 0.65565894],
 [-1.45335548,-0.98053085],
 [ 0.49183081, 0.51916629],
 [ 1.02282144, 0.84724677],
 [-0.29150024,-1.34790192],
 [ 0.53267748, 0.63857113],
 [-0.89454093,-0.35934071],
 [-0.78744893,-1.03681347],
 [-1.3217859 , 0.48694297]]","[[-4.16739004e-03, 2.20240736e-01],
 [ 1.20003366e+00, 6.87348841e-01],
 [ 2.48433905e-02, 2.02417773e-02],
 [-2.17506209e-01, 1.89937690e-02],
 [-3.32526322e-01,-1.84691403e-02],
 [ 1.12590173e-01, 1.26089841e-04],
 [-3.58814677e-01,-1.12314766e-02],
 [-1.76266786e+00, 2.18451648e-02],
 [-1.93468064e-01,-3.15514683e-01],
 [ 2.09737698e-01, 2.70016997e-01],
 [ 3.99376792e-01,-3.04224742e-01],
 [ 4.15426235e-01, 1.26580207e-01],
 [ 1.82473529e-01, 3.89636193e-02],
 [ 4.03641728e-02,-1.08757240e-01],
 [ 4.78298407e-01, 2.92633197e-02],
 [-1.42693989e-02, 4.46114534e-02],
 [-1.55438849e-01, 4.82543633e-03],
 [-7.53690932e-03, 2.37744480e-02],
 [-4.88271691e-03, 3.91924629e-02],
 [ 4.51738407e-01, 1.58386344e-01],
 [ 4.75676317e-01, 5.69425801e-01],
 [ 6.08039772e-01, 3.62164359e-01],
 [ 1.48996658e-01, 2.46906262e-01],
 [-6.64838504e-02, 2.18683781e-01],
 [ 4.68650752e-01, 2.59927298e-01],
 [-7.03332746e-02, 6.30407673e-02],
 [ 2.17140504e-02, 5.70077500e-02],
 [ 1.86841527e-01, 1.91481333e-01],
 [ 4.36705101e-01,-2.95103817e-01],
 [ 1.40404384e-01, 7.65628478e-02],
 [ 1.10055309e-01, 1.71372539e-02],
 [-1.05535972e+00, 7.39729580e-01],
 [ 1.82924406e-01, 2.71167229e-01],
 [ 1.11933358e-01, 1.43226061e-01],
 [ 4.23970568e-01, 6.00879411e-01],
 [ 5.64883909e-02, 1.46644988e-01],
 [ 1.79272117e-01, 6.86946206e-02],
 [ 2.76927286e-01,-6.55996657e-01],
 [-2.25646085e-02, 4.70550144e-03],
 [ 4.14631381e-01, 1.05334538e-01],
 [ 4.02275600e-01, 8.57940562e-03],
 [ 2.55754600e-01, 2.30669604e-02],
 [ 1.06179663e-01, 4.96999537e-03],
 [ 1.68184566e-02, 1.51966959e-02],
 [ 4.37733607e-02, 5.44031055e-02]]"
poisson_16_12_3,13,3,12,16,13.471157226578196,10.035353099729424,"[[-3.18416713e-01,-1.23203742e+00,-1.39974207e+00],
 [-1.66456650e-01,-4.03684450e-01, 3.99921591e-01],
 [ 3.71874604e-02, 1.21457957e-01, 7.74481081e-02],
 [ 2.49999406e-01, 5.05439073e-01, 7.53321651e-01],
 [-1.48894494e-01, 3.31362588e-01, 5.64703091e-01],
 [ 1.49392476e-01, 6.10269531e-01, 6.94836136e-01],
 [ 2.47467369e-01,-1.01227095e+00,-1.19969098e+00],
 [-2.52942208e-02, 9.64165505e-02, 3.08248024e-01],
 [ 3.17903044e-01, 2.70547995e-01, 1.11159989e+00],
 [ 2.20829971e-01, 1.96754726e-01, 5.83614923e-01],
 [-8.10492833e-02,-1.39487142e-01,-3.83518434e-01],
 [ 1.34662287e-02,-7.59761159e-02,-9.42223637e-02],
 [ 5.88967244e-02, 1.49811474e-01,-7.81316630e-02],
 [-5.61030123e-02,-6.41682930e-02, 7.60923248e-01],
 [-1.15135391e-01, 5.67383399e-02,-3.06766440e-01],
 [ 9.55728330e-01, 7.29010707e-01, 4.92706777e-01],
 [-5.01143823e-01,-2.49319475e-01,-2.14154397e-01],
 [-4.17990368e-01,-1.81427524e-01, 1.24221066e-01],
 [ 9.75505228e-02, 1.26555751e-01, 7.80544704e-02],
 [-1.26085747e-01,-3.70153966e-01,-5.93284941e-02],
 [-3.86386359e-02, 3.21726490e-02,-1.66035401e-02],
 [-7.50175826e-02,-7.64258381e-04,-5.17494318e-02],
 [-4.70523447e-02, 2.39030059e-01, 1.14297876e+00],
 [-2.73239694e-02, 3.46490813e-01, 7.41663941e-01],
 [-1.17513491e-01, 5.78028480e-01,-5.96198259e-01],
 [-7.89764198e-02,-4.46102654e-01,-8.09763935e-01],
 [-1.29241520e-01, 1.07289476e-01, 3.80499757e-01],
 [-5.68886946e-02, 1.87221175e-01, 5.09895379e-01],
 [-7.07980729e-01,-8.48679750e-01,-1.04691637e+00],
 [ 4.20738113e-01, 3.30469838e-01, 5.13911117e-01],
 [-4.70699594e-01,-2.86676675e-01,-2.19476901e-01],
 [-7.22483169e-02,-2.20200437e-01,-3.27290400e-01],
 [ 3.00426448e-01, 3.13472524e-01, 1.09560373e+00],
 [-5.37323854e-03, 1.96016038e-01, 6.26905561e-01],
 [-2.62243830e-02, 7.34902116e-03,-3.45334882e-02],
 [-1.13848528e-01,-4.65110760e-02, 3.27687892e-01],
 [-1.56538684e-01,-1.40998321e+00,-6.98973546e-01],
 [-2.30114280e-01,-2.21546637e-01,-1.92059457e-01],
 [ 1.59254541e-01, 1.11297175e-01, 3.34054339e-01],
 [-2.28279653e-01, 3.59286622e-01,-5.86061915e-01],
 [ 3.74823874e-01, 1.20642323e-02, 6.33781938e-02],
 [ 1.03063582e-02,-2.07777718e-01, 1.34251257e-01],
 [ 2.67558141e-01, 5.07607225e-01, 7.43937309e-01],
 [ 4.33643510e-01, 2.90965325e-01, 5.13825001e-01],
 [ 9.18869375e-01, 6.90112878e-01, 4.67821260e-01],
 [ 3.60715610e-01, 2.71476983e-01, 6.01836890e-01],
 [-9.79883039e-03, 9.74810145e-02, 2.91579947e-01],
 [ 7.13957952e-01, 9.20378232e-01, 8.97865382e-01],
 [ 1.26983790e-01, 8.18889937e-02, 7.50806720e-02],
 [-1.57609782e-01, 8.39894271e-02, 3.72112918e-01],
 [-1.11410215e-01,-4.09245263e-01,-4.83131617e-02],
 [ 2.64779974e-01, 5.55132525e-02,-3.08046441e-01],
 [ 3.90192829e-01, 3.28930641e-01, 5.04544080e-01],
 [-7.19972134e-01,-8.98628970e-01,-4.29929113e-01],
 [ 2.35406969e-01,-6.32914337e-02,-2.30673775e-01],
 [-8.65227461e-03, 8.93126850e-03,-3.35277782e-02],
 [-5.13247995e-01,-5.49960323e-01,-2.19048263e-01],
 [-1.26341180e-01,-4.37521909e-01, 2.42172411e-01],
 [ 3.23570370e-03,-1.83535036e-01,-6.95168835e-01],
 [-4.75771056e-02,-2.70669460e-01, 5.32389487e-01],
 [ 1.64364143e-01,-1.29571936e-01, 2.04607718e-01],
 [-7.31071618e-02,-4.08214003e-01, 5.13750605e-01],
 [-3.74341543e-02, 1.85568731e-01, 4.87305540e-01],
 [ 2.37734940e-01,-6.96374416e-02,-2.22581338e-01],
 [-7.73109522e-02,-1.93849582e-01,-3.19899756e-01],
 [ 4.93970719e-02, 8.46872961e-02, 8.36028445e-02],
 [ 2.69360885e-01, 4.98695604e-01, 7.67462626e-01],
 [ 2.14075392e-01, 2.31170518e-01, 5.60105391e-01],
 [-4.88457653e-02, 2.20862829e-01, 1.18372297e+00],
 [-1.34883905e-01, 3.39101116e-01, 6.02753692e-01],
 [-6.26590569e-01, 2.92944823e-02, 1.20070305e-01],
 [ 1.37581674e-01, 5.70213952e-01, 7.18631967e-01],
 [-7.52107819e-01,-7.15506396e-01,-1.01350874e+00],
 [ 2.34163366e-01, 7.42233994e-01, 8.41811605e-01],
 [-9.22611000e-02,-3.87100308e-01,-3.70141965e-02],
 [-9.26085264e-01,-7.67293415e-01,-7.06294191e-01],
 [-3.49704594e-02, 9.63385830e-02, 2.92828708e-01],
 [-6.44605753e-01,-5.92297351e-01,-3.11990308e-01],
 [ 6.64272083e-02,-3.25157680e-02, 6.56657065e-02],
 [-1.57344484e-01, 2.10889199e-01,-1.44588670e-02],
 [ 1.38831890e-01, 6.77497560e-03,-2.52036653e-01],
 [ 1.02503324e-01,-7.60302659e-03,-5.03809629e-01],
 [ 1.90660254e-01, 3.14823573e-01, 6.73244576e-01],
 [-1.27388227e-01, 1.15736820e-01, 4.36168320e-01],
 [-2.12710197e-01,-2.36251683e-01,-1.68242423e-01],
 [ 2.42718117e-01, 7.22200479e-01, 8.33030700e-01],
 [ 7.32363608e-01, 8.95767551e-01, 8.76831344e-01],
 [-1.28177771e-01, 8.62870710e-02, 3.66477961e-01],
 [ 2.32980025e-01, 7.31200101e-01, 8.49539107e-01],
 [ 4.26659605e-01, 2.88218096e-01, 5.49440538e-01],
 [ 9.55148547e-01, 6.98533688e-01, 5.08608599e-01],
 [ 3.63266735e-01, 3.12700095e-01, 6.32451679e-01],
 [-5.70412443e-01,-5.07250445e-01,-1.00477244e+00],
 [ 3.89044878e-01, 2.94730078e-01, 5.06739899e-01],
 [ 9.50026943e-01, 6.94248478e-01, 5.12295681e-01],
 [-7.29338166e-01,-9.41954326e-01,-4.78636644e-01],
 [ 3.60528654e-01, 2.93041117e-01, 6.39241533e-01],
 [-5.27032005e-01,-5.50369790e-01,-2.39326784e-01],
 [-6.43274173e-01,-5.79469580e-01,-2.90066963e-01],
 [-1.12903372e-01, 1.89375796e-01, 2.82971227e-01]]","[[ 0.64154183, 0.20187568, 0.18191558],
 [-0.06000521, 0.18409924, 0.18781658],
 [ 0.39968216, 0.06252709,-0.01678921],
 [ 0.01682114, 0.2908395 , 0.31304539],
 [ 0.0023895 , 0.08868963, 0.0462607 ],
 [ 0.1120176 , 0.02558791, 0.00478312],
 [-0.05792386,-0.00660882, 0.01413068],
 [-0.02318696, 0.61125392, 0.06111949],
 [-0.8953967 ,-0.9872075 ,-0.60695044],
 [ 0.15318474, 0.32011672, 0.16310636],
 [ 0.24670738, 0.15403907, 0.05092026],
 [ 0.03939081, 0.4940569 , 0.30088158],
 [ 0.06482645, 0.04896893, 0.02123992],
 [ 0.24811753, 0.08402046, 0.13708122],
 [ 0.50342934, 0.13374584,-0.07057565],
 [ 0.17799912, 0.0116448 , 0.24225076],
 [-0.05908717,-0.45274716,-0.12212685],
 [ 0.01056557, 0.00472691, 0.2596072 ],
 [ 0.12710783, 0.01859427, 0.02150214],
 [-0.05872237, 0.09296876,-0.00247362],
 [ 0.16229188, 0.12225662, 0.09907669],
 [ 0.31240809, 0.20345276, 0.06381869],
 [-0.41390852, 0.0532419 , 0.02754456],
 [ 0.07669866, 0.10327432,-0.07225016],
 [ 0.18313605, 0.15890601, 0.0707225 ],
 [ 0.21550169, 0.06401647, 0.05077972],
 [ 0.08375342, 0.03439112, 0.01841873],
 [ 0.2470857 , 0.13913262, 0.09504612],
 [ 0.151433  , 0.08958677, 0.15619506],
 [ 0.05760565, 0.03996721, 0.02774586],
 [ 0.05038124, 0.02580672, 0.01761996],
 [-0.1175244 , 0.58266006, 0.20656274],
 [ 0.7448337 , 0.0930571 , 0.22582014],
 [ 0.20757274, 0.04510072, 0.00737125],
 [ 0.3662576 , 0.26424231, 0.18011395],
 [ 0.29842339, 0.21589678, 0.02154611],
 [ 0.14147913, 0.09387876, 0.02083479],
 [ 0.08236486,-0.56837045,-0.32049678],
 [ 0.18646772, 0.10352287,-0.02386004],
 [ 0.26659428, 0.05309331, 0.04453959],
 [ 0.26779723, 0.14260869, 0.13455764],
 [ 0.39403104, 0.15892646, 0.04158373],
 [ 0.0556259 , 0.03580038, 0.04675753],
 [ 0.0201816 , 0.01670801, 0.00541666],
 [-0.03155982, 0.00455666,-0.07582405]]"
poisson_16_12_3,14,1,12,16,12.484860503490939,9.188526413869392,"[[ 0.69871321],
 [ 0.59679871],
 [ 0.37982082],
 [ 0.06407611],
 [ 0.03559628],
 [ 0.69208744],
 [ 0.03587505],
 [-0.47901055],
 [-0.7636076 ],
 [-0.11536657],
 [ 0.62893818],
 [ 0.50429805],
 [ 0.04566142],
 [ 0.34473763],
 [ 1.49824   ],
 [ 0.14211563],
 [ 0.66859222],
 [-0.55918839],
 [-1.0298996 ],
 [ 0.69183936],
 [-1.03398755],
 [ 0.62245169],
 [ 1.02397495],
 [ 0.08843393],
 [ 1.53466512],
 [ 0.03201353],
 [-2.79555736],
 [-0.55720601],
 [ 0.06855263],
 [ 0.69684654],
 [ 0.06533317],
 [ 2.09901046],
 [-0.4926837 ],
 [ 0.11890285],
 [-0.47281101],
 [-0.0743361 ],
 [-0.17954012],
 [-0.55027272],
 [-0.09864188],
 [ 0.03798432],
 [ 0.65842251],
 [ 0.41634998],
 [-0.5842285 ],
 [ 0.04711328],
 [-1.30907241],
 [-0.21788982],
 [-0.31007148],
 [-0.92267896],
 [ 0.62802608],
 [-0.03914315],
 [ 0.3314567 ],
 [ 0.03809959],
 [ 0.12652257],
 [ 0.39641861],
 [-0.08546547],
 [-0.24796007],
 [ 0.03186645],
 [ 0.69341283],
 [-0.77631323],
 [ 0.07904803],
 [ 0.41735659],
 [ 0.05576498],
 [ 0.69332609],
 [ 1.00541173]]","[[ 6.65317478e-01],
 [-3.24510702e-01],
 [ 2.06159258e-01],
 [ 2.02875918e-01],
 [ 8.95105977e-01],
 [-1.12087620e-02],
 [ 2.57213191e-01],
 [-3.51569240e-01],
 [ 2.93232108e-01],
 [ 5.86706014e-01],
 [ 7.34262785e-02],
 [-1.02895004e+00],
 [ 6.03651656e-01],
 [ 1.11666595e-01],
 [-6.34647413e-02],
 [-5.46235556e-01],
 [ 1.01707287e+00],
 [-6.85509029e-01],
 [ 2.12406393e-01],
 [-3.65173652e-01],
 [ 4.02729373e-01],
 [ 1.03974512e+00],
 [ 1.24111897e-01],
 [ 3.94814828e-01],
 [ 2.00123901e-01],
 [ 1.16041546e-02],
 [ 1.69483616e-05],
 [ 1.39868540e+00],
 [ 3.25426485e-01],
 [-1.27336376e-01],
 [ 5.42844918e-01],
 [ 1.44420196e+00],
 [ 5.59471379e-02],
 [-2.08619175e-01]]"
poisson_16_12_3,14,2,12,16,12.423993196278769,7.4395727542077,"[[ 0.05641687, 0.36500881],
 [ 0.11106938, 0.48864483],
 [ 0.07939374, 0.75429061],
 [ 0.03444723,-0.95332998],
 [-0.05925072, 0.30867654],
 [ 0.8035887 , 0.45582402],
 [-0.13085439,-0.25441593],
 [-1.50877626, 0.05456788],
 [ 1.63828415, 0.4956213 ],
 [-0.00839427,-0.57915648],
 [ 0.10840372, 0.49327069],
 [ 0.16177771,-1.33086093],
 [-0.2001687 ,-0.59949265],
 [-0.24423729,-0.21753575],
 [-0.06590974, 1.24829345],
 [ 1.01265865, 1.05544223],
 [ 0.82116625, 0.45161451],
 [-1.74893398,-0.18807254],
 [-0.92129687,-0.10476678],
 [ 0.79820529, 0.43024123],
 [-0.95541487,-0.09548117],
 [ 0.24390432, 0.34839626],
 [ 0.51952154, 0.85141631],
 [-0.12283295, 0.26627283],
 [-0.43674603,-1.34135289],
 [-0.20087172,-0.58717697],
 [ 0.72481652, 1.94648276],
 [-1.52535513,-0.09821306],
 [ 0.0336128 ,-0.94269877],
 [ 0.7922299 , 0.42385524],
 [ 0.00908002,-1.10877774],
 [ 1.10411598,-0.68755985],
 [-1.52042313, 0.0635624 ],
 [-0.08169788, 1.40794375],
 [-0.35447489,-1.10524236],
 [-0.24187918, 0.07336808],
 [-0.01312799, 0.08709894],
 [-0.32517615,-0.1105746 ],
 [ 0.09436548, 0.14689254],
 [-0.20589801,-0.59250966],
 [-0.31426716, 0.53176991],
 [-0.41453977, 0.7522085 ],
 [-0.24734188,-1.49636885],
 [-0.15864128,-0.24112327],
 [-0.66515367,-0.63051698],
 [-0.11856473,-0.15296556],
 [ 0.42394092, 0.81920549],
 [-0.39935773, 0.1355365 ],
 [ 0.1280828 , 0.4867644 ],
 [ 0.54021255, 0.40665958],
 [-0.24345584,-0.2014047 ],
 [ 0.01845556,-1.11241066],
 [ 0.04650332,-0.58552194],
 [ 0.04495398, 0.74483916],
 [ 1.93599144, 0.91891489],
 [ 0.1328212 , 1.92696387],
 [-0.02939079, 0.32025318],
 [ 0.80168013, 0.43242561],
 [ 1.67574965, 0.52420236],
 [-0.11298839, 0.22816622],
 [-0.41851507, 0.7205239 ],
 [-0.02708976, 0.28762938],
 [ 0.06101388, 0.3847286 ],
 [ 0.511888  , 0.83141887]]","[[ 1.67290869e-01,-2.67576387e-01],
 [-4.75674938e-03,-5.12159120e-01],
 [ 5.18249848e-01, 8.79144793e-02],
 [ 2.85407717e-01, 5.10891576e-02],
 [ 6.75934600e-01, 7.22085136e-01],
 [ 1.28062711e-04,-1.44939497e-02],
 [-1.08933400e-01, 3.57928784e-01],
 [ 1.83233097e-01, 3.55580576e-01],
 [ 1.66341632e-01,-2.03879883e-01],
 [ 6.45312737e-02, 8.82570918e-01],
 [ 2.47337889e-01, 4.62497777e-01],
 [ 3.41779814e-01, 5.18882230e-01],
 [ 6.41759240e-01, 1.36467939e-01],
 [-1.01310328e-02, 8.81607064e-02],
 [-4.48745375e-02,-5.27797401e-02],
 [-1.08858268e+00,-7.36009464e-02],
 [ 3.89912313e-01, 1.96146653e-01],
 [-1.59910392e+00,-3.72645136e-02],
 [-1.47368744e+00,-3.05326203e-01],
 [-2.65298799e-01,-2.38928588e-01],
 [ 6.23732080e-01, 3.82574504e-01],
 [ 7.85362568e-01, 6.36085816e-01],
 [ 1.79698810e-01, 3.43701933e-01],
 [ 4.48796881e-01, 1.32651766e+00],
 [ 4.17551848e-01,-1.39425320e-01],
 [ 4.11536925e-01, 2.94240879e-01],
 [ 2.89796065e-01, 4.15606712e-02],
 [ 6.66143287e-01, 4.25648494e-01],
 [ 2.57652091e-01, 2.56348405e-01],
 [ 3.07061188e-01, 4.02124089e-02],
 [-2.93594851e-01, 2.23419283e-01],
 [ 3.70553126e-01, 7.24882451e-01],
 [ 4.05309754e-01, 3.30598749e-02],
 [-2.79664444e-02,-1.82760257e-02]]"
poisson_16_12_3,14,3,12,16,12.32224708433141,7.100350241100269,"[[ 0.25087058, 0.0399309 , 0.49907907],
 [-0.05708522, 0.30750097, 0.2590425 ],
 [-0.27134723, 0.29467308, 0.27592172],
 [-0.18581194, 0.24980862,-0.42338586],
 [-0.01795372,-0.05786086, 0.23658939],
 [ 0.57734152, 0.57923259, 0.64142017],
 [ 0.00296606, 0.01603735, 0.11749385],
 [ 0.31942689,-0.99754759,-0.32107715],
 [ 0.66746866, 1.1673679 , 0.08988471],
 [ 0.03492531,-0.06652168, 0.80673473],
 [-0.06387669, 0.30237642, 0.27497624],
 [-0.03459357,-0.41707951,-0.21905894],
 [-0.1063661 ,-0.01913764,-0.25873597],
 [-0.03120095, 0.12972973, 0.0759901 ],
 [ 0.0339868 ,-0.04725332, 0.87164485],
 [ 0.35076315, 0.01743885, 0.24899821],
 [ 0.58268303, 0.6024361 , 0.61706733],
 [-0.32880372,-0.47277476,-0.11427579],
 [-0.47072564,-0.80089198,-0.48776909],
 [ 0.57980081, 0.56301511, 0.65585547],
 [-0.47327663,-0.83199249,-0.4963762 ],
 [-0.41055628, 0.1506835 ,-0.3078057 ],
 [ 0.44624793, 0.79945249, 0.83182505],
 [-0.15723267,-0.19214753, 0.4101822 ],
 [ 0.05310141,-0.8202032 ,-0.67695865],
 [-0.09588374, 0.0213097 ,-0.24563827],
 [ 0.17616341, 0.77812058, 0.71906918],
 [-1.1435273 , 0.52033439,-0.66058249],
 [-0.17724696, 0.23923381,-0.41500694],
 [ 0.55449126, 0.60446836, 0.62210295],
 [-0.1189794 , 0.46793706, 0.19825522],
 [ 0.76140542, 0.08384224, 0.05507134],
 [ 0.30845784,-0.98411116,-0.30690597],
 [-0.0196878 , 0.09301782, 0.37417574],
 [ 0.10734143,-0.1746996 ,-0.00281094],
 [-0.04362062,-0.20025061,-0.45491105],
 [-0.0445619 , 0.3180021 , 0.53319496],
 [ 0.04614694, 0.05062598,-0.09787759],
 [-0.02915569, 0.00860484, 0.40508119],
 [-0.12562383,-0.00822671,-0.25863961],
 [-0.01554929,-0.4034037 , 1.0785113 ],
 [-0.16943676,-0.54873992, 0.86330777],
 [ 0.02630817, 0.06917283, 0.7599739 ],
 [-0.00528312, 0.03185662, 0.14307377],
 [ 0.75703736, 0.00633412,-1.78734186],
 [-0.05367864,-0.05352024,-0.10824296],
 [ 0.15066438, 0.34563686, 0.67397424],
 [-0.24790889, 0.54051922, 0.28497098],
 [-0.06277434, 0.30566142, 0.26413954],
 [ 0.12560962, 0.57537022, 0.23204932],
 [-0.0330414 , 0.09523035, 0.05923659],
 [-0.08781731, 0.4672103 , 0.19585485],
 [-0.02556931,-0.08915633,-0.97664297],
 [-0.23493356, 0.2650597 , 0.26032651],
 [ 2.0201277 ,-0.93532359,-0.49206624],
 [-0.9086039 , 1.24954923, 0.24447751],
 [-0.02402259,-0.09195952, 0.20133257],
 [ 0.57092563, 0.59166379, 0.6297364 ],
 [ 0.66687535, 1.1853685 , 0.12846483],
 [-0.1404292 ,-0.20277254, 0.37245768],
 [-0.20384002,-0.53751381, 0.86411003],
 [-0.00597924,-0.09822889, 0.21734418],
 [ 0.26376475,-0.00344433, 0.50181453],
 [ 0.43298912, 0.79804971, 0.82223496]]","[[ 0.08602396, 0.02754372, 0.00740674],
 [-0.38724281,-0.12106025,-0.62843515],
 [ 0.17373511, 0.1700247 ,-0.03170426],
 [ 0.18065735, 0.28992065, 0.23508454],
 [-0.13930527, 0.786968  , 0.50739362],
 [-0.02900567, 0.00775515,-0.01165577],
 [ 0.30512703, 0.1664849 , 0.05490855],
 [ 0.90727272, 0.40623473, 0.3086915 ],
 [ 0.30222924, 0.24551802, 0.16365872],
 [ 0.08481111, 0.41349938, 0.710898  ],
 [ 0.12068576, 0.08310888, 0.47134358],
 [ 0.81394334, 0.87859868, 0.71395612],
 [ 0.70203144, 0.66492628, 0.43245817],
 [ 0.02979502,-0.03912912, 0.15792524],
 [ 0.25310268, 0.87481329, 0.23405601],
 [ 0.24922222,-0.49632032,-0.8304684 ],
 [ 0.9633792 , 0.24290363, 0.03570528],
 [-0.76566764,-0.99970986,-0.20853687],
 [ 0.11357376,-1.13370563,-0.1423591 ],
 [-0.36466493,-0.02081223,-0.00543724],
 [ 0.75510601, 0.39074878, 0.30340681],
 [ 0.57949551, 0.3991251 , 0.11406875],
 [ 0.26668643, 0.33747481, 0.02375447],
 [ 0.44534174, 0.27208593, 0.9170106 ],
 [-0.00405366, 0.25607874, 0.01044761],
 [ 0.38094025,-0.07082034, 0.12683149],
 [ 0.00921697, 0.02448726, 0.00701349],
 [ 0.19914775, 0.75731062, 0.03937864],
 [ 0.19581381, 0.16006417, 0.09105605],
 [ 0.0672458 , 0.04017193, 0.01488807],
 [-0.44922177, 0.06347125,-0.0187966 ],
 [ 0.3219217 , 0.38682191, 0.50333252],
 [-0.02111537, 0.23744681,-0.01335267],
 [-0.10748941, 0.09469457, 0.13461989]]"
poisson_16_12_3,15,1,12,16,12.463920838268711,9.758861464255007,"[[-0.0976047 ],
 [-1.01273202],
 [ 0.80700614],
 [ 0.26579496],
 [ 0.72552384],
 [ 0.68274596],
 [ 0.06330419],
 [ 0.0658672 ],
 [-1.02024073],
 [-2.48300104],
 [ 0.60884566],
 [ 0.21187863],
 [ 1.8835357 ],
 [ 0.06497962],
 [-0.27492686],
 [ 0.59935365],
 [-1.92768923],
 [-0.48521759],
 [ 0.27240116],
 [ 1.67065772],
 [ 0.2735855 ],
 [ 0.37397083],
 [-0.1045061 ],
 [-3.00946653],
 [-0.64637346],
 [-1.05262428],
 [ 1.25702523],
 [ 0.26384493],
 [ 0.0569996 ],
 [ 0.17614816],
 [ 0.01355417],
 [-0.06345669],
 [ 0.29131757],
 [ 1.21176709],
 [-0.12921109],
 [ 1.36331243],
 [ 0.14048571],
 [ 0.28174327],
 [ 0.13036415],
 [ 0.17697474],
 [ 1.00227631],
 [ 0.8106584 ],
 [ 1.88489377],
 [ 0.04008588],
 [ 0.56145359],
 [ 0.01217155],
 [ 0.11314446],
 [ 0.23460497],
 [ 0.14584342],
 [ 1.22512249],
 [-0.12451074],
 [ 1.38406273],
 [ 0.12149412],
 [ 0.61789895],
 [ 0.09210212],
 [-0.99150928],
 [-0.39896833],
 [ 0.0598412 ],
 [-0.01330137],
 [ 1.24816521],
 [ 0.7380278 ],
 [ 0.1341717 ],
 [ 0.80363249],
 [-0.34918594],
 [-0.05007965],
 [-0.27434349],
 [-0.10965816],
 [-2.30770422],
 [ 0.1425994 ],
 [ 0.17860195]]","[[ 0.19093691],
 [-0.01277119],
 [ 0.48419967],
 [-0.10222207],
 [-0.04267377],
 [ 0.03241273],
 [ 0.39955849],
 [ 0.35891194],
 [ 0.0618311 ],
 [ 0.68490863],
 [ 0.02459026],
 [-0.03905238],
 [ 0.51285477],
 [ 0.268352  ],
 [-0.5107414 ],
 [-0.06268851],
 [ 0.82707726],
 [-0.013201  ],
 [-0.0237449 ],
 [ 0.02740912],
 [ 0.01575184],
 [ 1.01365236],
 [ 0.90784965],
 [ 0.0850245 ],
 [-0.23205596],
 [-0.1503489 ],
 [ 0.40701555],
 [ 0.09145249],
 [ 0.29201579],
 [ 0.36296287],
 [ 0.5038305 ],
 [-0.00330071],
 [ 0.99518917],
 [-0.13670611],
 [ 0.0425153 ],
 [-0.00477111],
 [-0.03738248],
 [-0.26047505],
 [-0.06631545],
 [ 0.39750153]]"
poisson_16_12_3,15,2,12,16,12.415326083477773,8.598082502583676,"[[-0.30492306,-0.18111165],
 [-0.10011521,-0.43950256],
 [ 0.81932829,-0.27446694],
 [ 1.33731413, 1.07326371],
 [ 1.16927915, 0.31851088],
 [ 0.13209494,-0.24916013],
 [ 0.23645758, 0.06017999],
 [-0.00702012, 0.18711853],
 [-0.12272667,-0.44346302],
 [-0.03943789,-0.81031685],
 [ 0.56144881,-0.48088236],
 [ 0.18963418, 0.27824699],
 [-0.07660064, 1.04761946],
 [-0.12310693, 0.42988875],
 [-0.29745451, 1.01845746],
 [-0.17702227, 0.34633425],
 [-1.11741203,-1.74202483],
 [ 0.45894426, 0.07224106],
 [-0.45189186,-0.86920562],
 [-0.18705382, 0.25094599],
 [-0.12937238, 0.21223192],
 [-0.22826102, 0.11169533],
 [-0.00328106,-0.34549176],
 [-2.29190401,-2.50906387],
 [-0.67884067, 1.71457579],
 [ 0.20485566,-0.26482957],
 [ 1.06483147,-0.99953872],
 [ 0.33914886, 0.0792254 ],
 [ 0.25189178,-0.98685067],
 [-0.54828377, 0.5497267 ],
 [ 1.19078812, 0.71769497],
 [ 0.56312484, 1.03232008],
 [ 0.33327755, 0.09143399],
 [ 0.13946284, 0.6659091 ],
 [ 0.13957971, 0.59097807],
 [-0.1815278 , 1.83596626],
 [ 0.06813689,-0.24825656],
 [ 0.3150321 , 0.11169731],
 [ 0.1462983 , 0.36777847],
 [-0.00312657, 0.61290854],
 [ 1.79391704, 0.48312504],
 [ 0.81098126, 0.3061583 ],
 [-0.08779606, 1.03032277],
 [-0.10408582, 0.45668962],
 [-0.18395436, 0.38386183],
 [ 0.01229739, 0.39011508],
 [-0.09310523, 0.0064047 ],
 [ 0.18457135, 0.23203412],
 [-0.01772145, 0.62409494],
 [ 0.16746821, 0.67730599],
 [ 0.16217357, 0.63457026],
 [-0.19690034, 1.80695589],
 [ 0.26880135, 0.43874832],
 [ 0.53470235,-0.51114741],
 [-0.06856401,-0.02727444],
 [ 0.37296367,-1.74313438],
 [ 0.47311206, 0.67335134],
 [ 0.21162804,-1.00200243],
 [ 0.03244369, 0.23961359],
 [ 0.13270606, 0.65539182],
 [ 1.09058708,-0.3511493 ],
 [ 0.25523787, 0.41286028],
 [ 0.80016731, 0.31577046],
 [ 1.18842729, 0.94077085],
 [-1.20164617,-0.49748131],
 [-0.26756191, 1.00238618],
 [ 0.12762292, 0.6301037 ],
 [-2.2908558 ,-2.35661069],
 [-0.0329234 , 0.58066366],
 [ 0.31439829, 0.703835  ]]","[[ 1.03844716e-01, 1.23172957e-02],
 [-1.69348176e-02, 4.73699441e-01],
 [ 6.27503338e-02, 1.06312894e-01],
 [-3.70454293e-01, 5.21972105e-01],
 [ 4.71707715e-01, 2.28028579e-01],
 [-1.03326724e-01, 3.40123164e-02],
 [ 1.00888335e+00,-3.35071015e-02],
 [-5.66187687e-01, 8.43643704e-01],
 [ 4.34005714e-02,-3.07310235e-01],
 [ 1.18317691e-01, 2.55391559e-01],
 [-4.41231478e-02, 1.06590511e+00],
 [ 9.87606800e-01, 7.17938738e-01],
 [ 7.30065849e-01,-7.58093863e-01],
 [-4.29444487e-03, 1.93281035e-01],
 [-1.18547517e+00, 6.53668967e-01],
 [-1.67851013e-02, 8.19689983e-02],
 [-8.58883280e-01, 9.50603300e-01],
 [ 3.16209911e-02,-2.06514201e-03],
 [ 7.36864885e-01, 7.49019939e-04],
 [ 3.18684674e-01, 4.83072393e-02],
 [ 3.97015884e-01, 9.52141660e-02],
 [ 5.10024611e-02, 1.78951966e-01],
 [ 1.09109072e+00,-3.11479258e-01],
 [ 1.07199145e+00, 1.11044485e-01],
 [-1.18138078e-01, 1.56745430e+00],
 [ 3.53929535e-01, 3.49996551e-01],
 [ 5.43707165e-01, 2.58413573e-02],
 [ 1.33957436e-01,-3.18642450e-01],
 [-2.36214396e-01, 3.17720677e-01],
 [ 1.23661360e-01, 7.91741703e-01],
 [ 4.91452008e-01, 2.05674018e-01],
 [-3.37083621e-02,-6.43226648e-03],
 [ 2.50078758e-01, 6.82035673e-02],
 [ 2.82450819e-01, 2.58200558e-01],
 [-6.24058522e-02,-2.44878393e-01],
 [-5.98167034e-01,-1.23166863e-01],
 [ 1.17394207e-01, 2.57685480e-01],
 [-2.22654875e-01, 5.07403633e-01],
 [-7.60749918e-02, 2.48138061e-03],
 [ 2.70540602e-01,-5.49558740e-03]]"
poisson_16_12_3,15,3,12,16,12.278691094591714,8.071046206274067,"[[-3.48558087e-02, 1.59939967e-01,-9.08132417e-02],
 [ 1.55398505e-01,-1.21635198e-01, 1.04195937e-01],
 [ 3.61202039e-01, 5.20089422e-01, 1.46775842e-01],
 [ 8.09097192e-01, 7.13318325e-01, 1.58087911e+00],
 [ 9.90435439e-01, 7.92187847e-01, 9.73469626e-01],
 [ 3.64603452e-01, 1.04682086e+00, 6.41674604e-01],
 [-4.94877170e-03,-5.02777601e-01,-1.22047840e+00],
 [-1.92577593e-01,-1.24698595e-01, 4.31349901e-01],
 [ 1.58282240e-01,-1.10367449e-01, 9.60733955e-02],
 [-3.21260113e-01, 6.07659086e-02,-4.47641842e-01],
 [ 5.80962227e-02,-3.28756443e-01,-2.04740837e-01],
 [ 1.62972315e-01, 6.84525299e-02, 5.69546149e-01],
 [ 7.69938076e-02, 5.42797302e-01, 8.74533157e-01],
 [ 6.73264862e-02, 4.90019589e-01, 7.24586609e-01],
 [ 3.94134252e-02,-1.59114797e-01, 3.68726865e-01],
 [-2.12053145e-01,-1.01980937e-01, 3.26725351e-02],
 [-1.24056497e+00,-1.32709744e+00,-8.42121448e-01],
 [ 6.82904205e-01,-1.74453425e-01, 1.45886388e-01],
 [ 9.99423488e-02, 1.04996571e-01,-2.25769760e-01],
 [ 9.04322564e-02,-1.76115612e-01,-3.07323466e-02],
 [ 1.29316867e-01, 1.57940084e-01,-1.23173848e-01],
 [ 1.01666713e-01, 2.46603422e-01, 7.61240173e-01],
 [ 1.70345166e-01, 3.13062482e-01,-7.46539793e-01],
 [-2.88735130e+00,-1.50005029e+00,-1.34927071e+00],
 [ 1.14604273e-01, 2.10293529e-01, 5.30249058e-01],
 [ 2.10363522e-01,-6.80701100e-01,-3.35205011e-01],
 [ 6.47600578e-02,-5.20136709e-01,-3.62041710e-01],
 [ 9.05547206e-01,-7.56214284e-02, 1.54543839e-01],
 [-2.37615625e-01,-4.97954798e-01, 6.37896729e-01],
 [ 4.01504025e-02, 7.76202908e-02,-6.65331671e-01],
 [ 1.01814644e+00,-1.68060588e-02, 7.59216895e-01],
 [ 1.73368650e+00, 1.10022700e-01, 9.24265055e-01],
 [ 8.63508773e-01,-9.44707975e-02, 1.93727092e-01],
 [-2.35210323e-02, 8.34242787e-01, 4.07812136e-01],
 [ 1.21706805e-01,-9.06157078e-02, 7.42470873e-01],
 [-1.00818323e-01, 9.54404680e-01, 7.22036129e-03],
 [ 1.48113137e-02, 1.09783317e-01,-5.06930368e-01],
 [ 8.77912238e-01,-5.23469387e-02, 1.77151124e-01],
 [-8.11900760e-01, 1.55817517e-01,-2.46231908e-01],
 [-1.72052100e-01, 1.10706239e-01, 6.77354989e-02],
 [ 1.79826591e+00, 5.53297136e-01, 3.80039415e-01],
 [ 7.48465670e-01,-3.23599967e-02, 3.22575908e-01],
 [ 9.30872429e-02, 5.30455883e-01, 8.56895251e-01],
 [ 5.01880294e-02, 5.17230065e-01, 7.22161389e-01],
 [-2.07904887e-01,-1.31079667e-01, 4.09230214e-03],
 [-1.75387061e-02, 6.76889640e-02, 8.31142330e-01],
 [ 2.09253924e-02,-3.05346792e-02,-1.68428104e-01],
 [ 1.76504090e-01, 7.85405563e-02, 5.43128621e-01],
 [-1.65241749e-01, 1.18090986e-01, 7.65143032e-02],
 [-3.57193232e-02, 8.24969989e-01, 3.84440400e-01],
 [ 9.13333665e-02,-1.29665100e-01, 7.30818426e-01],
 [-1.17502103e-01, 9.87198508e-01,-8.58933907e-04],
 [ 3.73454055e-01,-3.58133521e-01,-1.71396323e-02],
 [ 5.93392985e-02,-3.71390685e-01,-2.02678300e-01],
 [ 2.94345916e-02,-4.77872436e-02,-1.47174646e-01],
 [ 4.14809264e-02,-5.39770306e-01,-8.10191933e-01],
 [-3.08433828e-02,-2.36096806e-01,-3.15688351e-02],
 [-2.35714346e-01,-4.63195506e-01, 6.36261276e-01],
 [-8.91017071e-02, 1.29526285e-01,-3.19579567e-01],
 [-3.29872448e-03, 8.58169430e-01, 4.15507196e-01],
 [-7.14441027e-02,-1.99779664e-01, 1.13598535e+00],
 [ 3.83265753e-01,-3.40481625e-01,-3.77499493e-02],
 [ 7.41181566e-01,-3.06825875e-02, 2.92512111e-01],
 [ 5.85851825e-01, 1.17562854e-01, 7.68103951e-01],
 [ 5.88153697e-02,-1.71747318e-01,-2.82092346e-01],
 [ 4.42767808e-02,-1.42013508e-01, 3.75271619e-01],
 [ 1.03407418e-01,-9.09539743e-02, 7.73965963e-01],
 [-4.81889899e-01,-2.02873656e+00,-1.50571757e+00],
 [-1.68862181e-01, 1.42443808e-01, 1.02497954e-01],
 [ 2.74740770e-02,-3.05887905e-01, 1.11904278e+00]]","[[-3.93112417e-02, 3.54050327e-01, 2.00648991e-01],
 [-8.67786006e-03, 6.13618117e-02, 7.72386923e-02],
 [-1.05882268e-01,-3.20344799e-02,-2.65805953e-02],
 [-1.48076473e-01, 3.35025217e-01, 3.61106050e-01],
 [ 1.09069580e+00, 2.67107348e-01, 1.68580744e-01],
 [-6.33898857e-01, 1.20973736e-02, 1.59258727e-02],
 [ 8.04846104e-01, 4.63828217e-01, 2.78677316e-01],
 [-3.68933612e-01, 1.42757469e-01, 5.11171639e-01],
 [-1.03265900e+00, 1.06215797e-01,-5.30525797e-01],
 [ 2.24666127e-03, 2.11566167e-01, 3.73275477e-02],
 [-3.53086898e-02, 2.01152130e-01, 3.84207725e-01],
 [ 9.50793035e-01, 1.79499333e-01, 8.16077435e-01],
 [ 1.31384015e+00, 2.72945291e-01, 8.11500979e-01],
 [ 1.19215771e-01, 1.17476795e-01, 9.76041411e-02],
 [-1.53808870e+00, 5.65074752e-02,-5.43439511e-01],
 [ 8.23987455e-03, 8.69715280e-02, 1.53208514e-03],
 [-9.38123733e-02, 6.53660113e-01,-4.00404062e-02],
 [-6.10607895e-01,-1.78932713e-01, 8.33145014e-02],
 [ 7.95302599e-02, 2.14184647e-02, 3.29722625e-02],
 [-3.68639340e-01,-1.60280941e-01, 8.36047126e-02],
 [ 1.38068753e+00, 1.30547148e-01, 1.00616263e-02],
 [ 3.24429470e-01, 2.89415614e-02, 2.26877639e-02],
 [-1.01929705e-01, 6.11913738e-01, 9.42937391e-02],
 [ 2.02710695e-01,-5.10357840e-03, 6.83540920e-03],
 [ 3.82766072e-01, 9.75232498e-01, 7.40077455e-01],
 [ 3.50762175e-01, 1.66625565e-01, 2.71794350e-01],
 [ 6.30925169e-01, 4.86268623e-02,-8.15146963e-02],
 [ 8.79505686e-02,-1.08223811e-01,-4.37117360e-01],
 [-7.63521561e-01, 6.45636083e-01, 1.15585756e-01],
 [-1.78768316e-01, 5.97697997e-01, 3.44830363e-02],
 [ 1.39409468e+00, 2.94447192e-01, 1.18097840e-02],
 [ 2.74279966e-01,-1.01991271e-01, 9.56433823e-02],
 [-6.21248221e-02, 2.17597345e-01, 7.43053951e-02],
 [-3.51266365e-01,-6.32028166e-01, 7.01533842e-01],
 [ 1.18971852e-01, 8.44779884e-03,-1.62021190e-02],
 [-7.10038900e-02, 1.58582006e-01, 8.43991856e-02],
 [ 4.85820643e-01, 5.28987215e-02,-1.52649691e-02],
 [ 1.39956209e-01,-8.96007753e-04, 3.46455254e-01],
 [-1.26423302e-01,-1.08967822e-02, 1.61383883e-02],
 [ 1.91787323e-01, 8.65045834e-01, 3.64159628e-01]]"
poisson_16_12_3,16,1,12,16,12.441943300541798,9.483767302940764,"[[ 0.15509079],
 [ 0.1237666 ],
 [-1.34452239],
 [ 0.08060372],
 [-0.01289699],
 [ 0.29918028],
 [-0.00737573],
 [-0.09408481],
 [-0.94934741],
 [-0.1326418 ],
 [-0.58260696],
 [-2.71239353],
 [-1.53100256],
 [-1.37791047],
 [ 1.48679106],
 [-1.50348691],
 [-0.14263937],
 [-1.46145595],
 [ 0.53078736],
 [ 0.70405482],
 [ 1.65578261],
 [ 0.13116997],
 [ 0.18100756],
 [ 0.99130099],
 [ 0.2039349 ],
 [ 2.23214423],
 [ 0.51900657],
 [ 1.31088851],
 [ 0.71522262],
 [-1.33061395],
 [ 0.15039659],
 [ 0.0935422 ],
 [-0.01461899],
 [-0.25659506],
 [ 1.33240705],
 [ 0.036273  ],
 [-0.1628047 ],
 [ 0.30716072],
 [-2.73970169],
 [-0.19509536],
 [-0.09031516],
 [ 0.735401  ],
 [ 0.28021227],
 [-0.14662616],
 [ 0.14333248],
 [ 0.09526243],
 [ 1.32149935],
 [-0.77607774],
 [ 0.08869182],
 [ 1.91945232],
 [-1.36554634],
 [-0.20123942],
 [-0.19369963],
 [ 0.24130037],
 [ 0.5217614 ],
 [-2.29820928],
 [ 0.03980079],
 [ 0.00602932],
 [ 0.08871174],
 [ 0.01466331],
 [ 0.13681374],
 [ 0.04896322],
 [ 1.1522746 ],
 [-1.29955113],
 [-1.54375718],
 [-2.02279076],
 [ 0.25706588],
 [-1.01727255],
 [ 1.15629298],
 [ 2.12073479],
 [ 1.00739049],
 [ 0.22917863],
 [ 2.23332149],
 [-2.02710363],
 [ 3.21714124],
 [-3.17864973],
 [-1.57788432],
 [-3.4775083 ],
 [ 0.1385123 ],
 [ 0.37905589],
 [-0.86233868],
 [ 0.75715056]]","[[ 0.07231262],
 [ 0.44138589],
 [ 0.07453935],
 [ 0.28223004],
 [ 0.30969667],
 [-0.0450957 ],
 [ 0.63162436],
 [ 0.42768883],
 [ 0.61501382],
 [ 0.31390545],
 [-0.04879198],
 [ 0.03556543],
 [-0.47903432],
 [ 0.14632419],
 [ 0.10357627],
 [ 0.34643161],
 [ 0.77254877],
 [-0.35298311],
 [-0.00168434],
 [ 0.12517699],
 [-0.06776042],
 [-0.00395735],
 [ 0.07398004],
 [ 0.23042913],
 [ 0.1508911 ],
 [ 0.62017562],
 [ 0.10076272],
 [-1.45135963],
 [ 0.28130557],
 [ 0.00393734],
 [ 0.71762295],
 [-0.3534051 ],
 [ 0.05127243],
 [ 0.18997552],
 [ 0.10105475],
 [ 0.06865241],
 [-0.0519114 ],
 [ 0.05828956],
 [-0.05667947],
 [ 0.68322615],
 [ 0.31349332],
 [ 0.83678801],
 [ 0.13800682],
 [-0.19002385],
 [ 0.29343214],
 [ 0.36203319]]"
poisson_16_12_3,16,2,12,16,12.365655470981352,8.112806183256437,"[[ 0.6936565 , 0.63531865],
 [-0.10127855, 0.75157953],
 [ 0.59171751,-0.604971  ],
 [ 1.05840057, 0.5620274 ],
 [ 0.03539854, 0.09520676],
 [-0.1551629 , 0.17273204],
 [-0.38289109, 0.37922583],
 [-0.00386172, 0.02563459],
 [-0.35164059,-0.90364778],
 [-0.00611285, 0.16349543],
 [ 0.04194056, 0.06246427],
 [-0.20287293, 0.00441327],
 [-0.44455601,-0.34338166],
 [ 0.6571121 , 0.06232808],
 [-0.48676361,-0.0707684 ],
 [-0.25027212, 0.66224971],
 [-1.513931  ,-1.1615904 ],
 [-1.1023477 ,-0.37416218],
 [-0.03542602,-0.02923147],
 [-0.01447648, 0.14978266],
 [-0.1399048 ,-0.12245296],
 [ 0.04185209, 0.01268331],
 [ 0.04472248,-0.11823948],
 [ 0.02169306, 0.47189309],
 [ 0.06695207, 0.20825265],
 [ 0.37829922, 0.51643393],
 [ 1.25825787, 1.15913481],
 [ 1.37167263, 1.05368934],
 [-0.38965045, 0.25883347],
 [-0.05467227,-0.18709386],
 [ 0.67836096, 0.6439692 ],
 [-0.1038932 , 0.2842431 ],
 [ 1.16079654,-1.68343983],
 [ 0.2882206 ,-1.61813715],
 [ 1.36048105, 1.07345612],
 [ 0.04712907, 0.32564023],
 [-0.05362815, 0.08151247],
 [-0.12696674, 0.16468573],
 [-0.19585577, 0.00922597],
 [-0.30770006,-0.46382545],
 [-0.59441424,-0.42138616],
 [-0.40336545, 0.25999832],
 [ 0.00584989,-0.04073603],
 [ 0.0156822 , 0.19080787],
 [ 0.71588831, 0.66093992],
 [-0.08337915, 0.26642766],
 [ 1.39369481, 1.06073878],
 [ 0.36919225,-0.44084321],
 [ 1.08983888, 0.52705513],
 [ 0.26509241, 0.27930571],
 [ 0.64164534, 0.07251827],
 [-1.48121999,-0.11272865],
 [-0.29227634,-0.44584943],
 [ 0.05244094, 0.19923334],
 [ 1.27343945, 1.19437108],
 [-2.04824549,-0.76844995],
 [-0.78287167,-0.71216951],
 [ 0.24181134, 0.10790763],
 [ 0.25452315, 0.28459272],
 [-0.0180771 , 0.20093092],
 [-0.05283411,-0.31527725],
 [ 0.10909569, 0.13996365],
 [ 0.12817249, 1.03525785],
 [-0.04960867,-0.21202259],
 [-0.24564532,-0.80854159],
 [-0.00815671,-1.25920283],
 [ 0.16236144,-0.37101136],
 [ 0.39135928, 1.44418736],
 [ 0.15331827, 1.0343643 ],
 [ 0.95721299, 2.02914095],
 [ 0.03086783, 0.49755834],
 [ 0.08927037, 0.2239352 ],
 [ 0.35477677, 0.52708543],
 [ 0.03026094, 0.45486641],
 [ 0.09716585,-0.03171442],
 [ 0.13051284,-0.07607822],
 [ 0.03046284,-0.08332312],
 [ 0.04876555,-1.46092317],
 [ 0.00488313, 0.22640967],
 [-0.44333598, 0.55402333],
 [ 2.49037993, 0.34991392],
 [-0.27434754, 0.90983855]]","[[-4.46598985e-01, 2.13334901e-01],
 [-3.49871712e-02, 4.02627258e-01],
 [-2.75969144e-01,-4.53528157e-01],
 [-2.72464928e-01, 4.07282764e-02],
 [ 5.93754238e-01, 4.55915802e-01],
 [ 4.39241726e-01,-3.51351152e-01],
 [-5.02454924e-03, 2.14698065e-01],
 [ 7.49566974e-01, 2.24434831e-03],
 [-1.24181732e-01, 8.08301353e-02],
 [ 9.36579072e-01, 5.07564420e-02],
 [ 7.58494896e-03,-4.54405125e-02],
 [-2.06821818e-01,-1.09673091e-01],
 [-9.56790664e-01, 1.63568439e-01],
 [ 2.38493004e-01, 6.45727732e-02],
 [-2.31253193e-01,-2.38185487e-01],
 [-4.22143301e-01, 5.88888085e-01],
 [ 4.31271628e-02, 9.51009996e-02],
 [-4.29143847e-01, 3.37893330e-01],
 [ 1.07055919e-02, 5.98513280e-03],
 [-2.04819559e-01, 6.33203275e-02],
 [-9.78208215e-01, 2.49193973e-01],
 [ 4.70380779e-01, 8.65474003e-02],
 [ 1.77821951e-02, 1.70761234e-01],
 [-2.10095562e-02, 7.13328235e-02],
 [-6.31161750e-02, 3.55358083e-02],
 [ 4.64532904e-01, 1.12381758e-01],
 [ 4.17956706e-01, 1.34620151e-01],
 [-1.29777110e-01,-3.60126726e-01],
 [-6.66498164e-01, 1.14083500e-01],
 [ 2.57436801e-03,-9.40624993e-04],
 [ 8.25034346e-01, 6.81345171e-01],
 [-1.26587064e-01,-6.98484927e-02],
 [ 7.34207634e-02, 5.19344058e-01],
 [ 1.16457212e+00, 6.68501183e-01],
 [-6.14331865e-04,-1.81205813e-02],
 [-1.49166213e-03, 4.87567333e-02],
 [ 3.45528797e-03,-2.13640813e-02],
 [ 2.11982191e-02,-8.25128557e-02],
 [-9.33667202e-02, 6.75107641e-02],
 [-1.40007334e-01,-8.39413416e-03],
 [-3.53140079e-02, 7.88053149e-02],
 [-1.09920900e+00, 6.13664521e-01],
 [ 3.51097193e-01, 3.34572987e-01],
 [ 1.92568434e-01,-1.67365552e-01],
 [-2.46641972e-01, 1.32694085e-01],
 [ 3.10114504e-01, 3.60184359e-01]]"
poisson_16_12_3,16,3,12,16,12.287132967402075,8.03766590792888,"[[ 0.94476041, 0.56342937, 0.39570835],
 [ 0.15898062,-0.1910264 , 0.06318067],
 [-0.57647979,-0.49052044,-0.08461077],
 [ 0.45681625, 0.61687053, 0.4050734 ],
 [ 0.18630467,-0.23020397, 0.17112252],
 [ 0.34717437, 0.01413075, 0.28583241],
 [ 0.02515287, 0.11562136, 0.55983294],
 [ 0.01037444, 0.09812921, 0.03113303],
 [ 0.11298965,-1.15998372,-0.0334505 ],
 [ 0.04556754, 0.03821326,-0.11157563],
 [ 0.7381233 , 0.24068922, 0.69402461],
 [-0.08912741,-0.38300793,-0.92903229],
 [ 0.09829183,-0.98385673,-0.42314894],
 [ 0.1949514 ,-0.14826329,-0.33218985],
 [-0.02969161, 0.4297328 , 0.54126941],
 [ 0.27252071, 0.85191782, 0.58584344],
 [-1.29976122,-1.06527522,-0.53489182],
 [-0.76056743, 0.47634753,-0.9801383 ],
 [ 0.06353191, 0.04785285,-0.19934601],
 [-0.17061956, 0.0825716 , 0.76816691],
 [-0.04253959, 0.27392447,-0.72367725],
 [-0.02142685, 0.25580559, 0.24461969],
 [-0.05536315, 0.22175172, 0.07854581],
 [-0.04442809, 0.53151511, 0.53854523],
 [ 0.13706506, 0.07570252, 0.08675117],
 [ 0.08932367, 0.23546259, 0.95727313],
 [ 0.97341209, 0.54336631, 0.11684137],
 [ 1.23067919, 0.78440177, 0.79861107],
 [-0.13208826, 0.15635294, 0.25794765],
 [-0.20357155,-0.2736798 ,-0.34811668],
 [ 0.93732216, 0.56458751, 0.3783923 ],
 [ 0.0120673 , 0.04149709, 0.55110428],
 [ 0.60042234,-1.05869581,-1.08252882],
 [-0.37615046,-0.82036124,-0.97878867],
 [ 1.25227149, 0.80919504, 0.7858137 ],
 [-0.22875646, 0.26126344, 0.83174721],
 [ 0.48482284,-0.00979577,-0.76586781],
 [ 0.34076647, 0.0412985 , 0.29559484],
 [-0.0921867 ,-0.38341623,-0.9640075 ],
 [ 0.13876738,-0.12002366,-0.12181087],
 [ 0.35723335,-0.85799145,-0.14233477],
 [-0.12399815, 0.12408848, 0.25081876],
 [-0.02158085,-0.05705091,-0.24222843],
 [ 0.03470216, 0.00249827,-0.15093109],
 [ 0.90839342, 0.56802495, 0.37404453],
 [ 0.02066882, 0.0272212 , 0.54098398],
 [ 1.22669983, 0.79458064, 0.81793211],
 [ 0.262716  ,-0.62184584,-0.09580781],
 [ 0.44261958, 0.60739375, 0.4325541 ],
 [ 0.44410794, 0.27180277, 0.73582743],
 [ 0.17152027,-0.18776356,-0.32794733],
 [-1.72453386,-0.0175312 ,-0.08238866],
 [ 0.14364544,-0.11571917,-0.07809597],
 [ 0.14245329, 0.08562052, 0.10888653],
 [ 1.00580604, 0.54390336, 0.09726741],
 [-1.1779319 ,-0.03886709,-0.55039202],
 [ 0.23901626, 0.42139834,-0.541556  ],
 [-0.27284937,-0.19103059, 0.37661651],
 [ 0.02314236,-0.08399854, 0.0062396 ],
 [ 0.00212073, 0.14142725, 0.97422043],
 [-0.15348359, 0.30450075, 0.13581713],
 [-0.05796554,-0.00615654, 1.66809428],
 [ 0.09774296, 0.52494906, 0.92331557],
 [-0.22317545,-0.24327649,-0.36146794],
 [ 0.36938685, 0.09693354,-0.81457207],
 [-0.18111811,-0.89854385,-0.89512508],
 [ 0.31169633, 0.24412229,-0.59752748],
 [ 0.11650466, 0.14018385, 1.15654993],
 [ 0.09535917, 0.52200344, 0.92222635],
 [ 0.6640332 , 0.60984425, 1.24360677],
 [-0.04880708, 0.53017559, 0.54403657],
 [ 0.11091656, 0.07489418, 0.10538389],
 [ 0.07241675, 0.22582373, 0.95851939],
 [ 0.09206987,-0.20205822,-0.06976299],
 [ 0.18067813, 0.46403981, 0.3775757 ],
 [-0.08261603,-0.0893902 ,-0.3630178 ],
 [ 0.07317554, 0.63617882, 0.27541829],
 [ 0.06113134,-1.13619696,-1.17909571],
 [-0.02122543, 0.2818378 , 0.57105648],
 [ 0.07591547,-0.07843073, 0.29529882],
 [ 0.20784538, 0.24164839,-0.35675095],
 [ 0.09346462,-0.15469438, 0.16520801]]","[[-2.34446028e-01, 1.21553712e-01, 4.77387680e-02],
 [ 1.21672093e-01, 2.16256769e-01, 1.10024656e-01],
 [-2.02398046e-01,-2.68620988e-01, 7.32740379e-02],
 [-8.46594949e-02,-3.61903581e-02,-1.46419037e-01],
 [ 6.15914954e-01, 2.73707432e-01, 1.92177096e-01],
 [-2.30038301e-01, 2.27349271e-02,-5.25592665e-02],
 [-3.21365051e-02, 1.14645772e-01, 6.15548018e-02],
 [ 7.54250765e-01, 7.94373016e-02, 7.12530709e-02],
 [-8.85105956e-02, 2.45817916e-01,-3.27046209e-02],
 [ 4.19278207e-01, 2.71467747e-01,-2.73957483e-02],
 [ 4.63226233e-02,-3.65597356e-02, 3.20473870e-02],
 [-1.13319616e-01, 2.67699023e-01,-9.19097599e-02],
 [-2.88866251e-01,-1.01281289e-01, 2.01087078e-01],
 [ 5.19202452e-01, 1.07974269e-01, 8.11639530e-02],
 [ 1.28835232e-02,-4.02018843e-01, 5.58018136e-01],
 [-9.98057111e-01,-5.03809299e-01, 9.49350073e-01],
 [-8.18576964e-04,-1.47174331e-01,-1.42884346e-01],
 [ 5.15478099e-01,-7.22765868e-01,-2.88288148e-01],
 [ 2.23784973e-02, 2.86618086e-03, 4.25225295e-04],
 [-3.60012041e-01, 7.90941641e-02, 1.51767954e-01],
 [-6.31615155e-01, 2.35926771e-01, 3.79749738e-01],
 [ 3.53587237e-01,-3.16726286e-02,-1.59612447e-02],
 [ 4.52191599e-01, 5.47824570e-02, 1.50744184e-02],
 [-9.82305315e-03, 3.09532430e-02, 6.83475939e-02],
 [-2.38629237e-01, 1.82947201e-01, 4.64829515e-04],
 [ 7.18769488e-01, 4.33976500e-01, 3.42962074e-02],
 [-1.68411990e-02, 1.52730073e-01, 4.88284781e-02],
 [-5.20237526e-02,-3.99390233e-01,-5.21572099e-01],
 [-1.06735651e+00, 6.51682867e-01,-6.59467626e-02],
 [-1.12475747e-02, 2.16735481e-03, 5.14156031e-03],
 [-4.01295115e-02, 1.27691643e-01, 3.43107080e-01],
 [-5.42823165e-03, 4.50245983e-01,-2.59743070e-01],
 [ 2.12812900e-01, 6.56491737e-02, 5.54136863e-02],
 [ 2.63306946e-01, 1.49657735e-01, 2.58616695e-01],
 [-3.42575862e-02, 1.04904515e-02, 3.45078523e-03],
 [ 2.91981642e-02, 5.68312797e-03, 1.34983291e-02],
 [-1.88219326e-02, 3.66075901e-03, 7.82636522e-03],
 [-5.54603176e-02, 1.99708933e-02,-8.46070883e-02],
 [-2.96718558e-02,-1.46314541e-01, 7.56987844e-01],
 [-1.05321953e-01,-4.70464434e-01, 5.43865796e-01],
 [ 1.93255293e-01,-2.04174774e-02, 2.41974113e-01],
 [ 1.51297380e-02,-2.09237706e-01, 4.30891474e-01],
 [-2.05011734e-01, 3.28537086e-01, 4.58178772e-01],
 [ 1.49821249e-01, 7.19236244e-01, 1.15125412e-01],
 [-7.51515557e-02,-3.43055855e-01, 2.86556172e-01],
 [ 2.43226899e-01, 1.50544045e-01, 1.03413860e-02]]"
poisson_16_12_3,17,1,12,16,11.003184323663348,8.125480757452843,"[[ 0.38168885],
 [-0.06565763],
 [ 1.75192538],
 [-0.25912819],
 [ 0.1107688 ],
 [ 0.25756064],
 [ 1.09090892],
 [ 0.95013855],
 [ 0.96742767],
 [ 2.33257739],
 [-0.06038823],
 [ 0.05918737],
 [ 0.06184232],
 [ 0.24338594],
 [ 0.15387921],
 [ 0.22404088],
 [-0.95903055],
 [ 0.1576348 ],
 [ 0.96485954],
 [ 1.29467275],
 [ 1.08842285],
 [-0.06413029],
 [ 0.94401054],
 [ 0.05955463],
 [-0.09267918],
 [-0.17334824],
 [ 0.02760317],
 [ 0.08132563],
 [ 1.04692051],
 [-0.49315578],
 [ 0.23796201],
 [ 0.17168105],
 [-2.21266951],
 [-0.12605294],
 [ 0.05964909],
 [ 1.36499275]]","[[ 0.61434275],
 [ 0.17034522],
 [-0.19987781],
 [ 0.41275991],
 [-0.02015131],
 [ 0.41880465],
 [-0.04746059],
 [-0.09261742],
 [ 0.82188133],
 [-0.03202116],
 [ 0.56870405],
 [ 0.64844481],
 [-0.12929191],
 [ 0.7762156 ],
 [-0.00305897],
 [ 0.11975534],
 [ 0.37847442],
 [ 0.02357594],
 [ 0.39284884],
 [ 0.78104273],
 [ 0.17006666],
 [ 0.7854573 ],
 [-0.09145624],
 [ 0.00283706],
 [ 0.07595115],
 [ 0.09539863],
 [-0.36038546],
 [-0.15611496],
 [-0.21674185]]"
poisson_16_12_3,17,2,12,16,10.933742652168894,5.708139153278847,"[[ 1.79074343, 1.80700839],
 [ 0.03712411,-0.27401789],
 [-0.59631971,-0.76315582],
 [ 0.16416357, 0.27824367],
 [-0.0216818 , 0.38073277],
 [ 1.59744486, 1.75580512],
 [ 0.39800371, 1.0896477 ],
 [ 1.08984749, 0.62129759],
 [ 1.05009241, 0.62366976],
 [ 0.31891844, 0.56013768],
 [ 0.56720814, 0.451218  ],
 [ 0.44099694,-0.47944144],
 [-0.04771557,-0.08415287],
 [ 0.05715869, 0.13018475],
 [-0.00417031,-0.1819868 ],
 [-0.07436328, 0.50955477],
 [ 0.08098839,-0.12351688],
 [-0.01798047,-0.1860296 ],
 [ 0.10477208, 0.49650439],
 [ 0.41111481, 1.02835198],
 [ 0.39317475, 1.11731589],
 [ 0.11217139, 0.17899799],
 [ 1.06047077, 0.65805939],
 [-0.04947904,-0.056657  ],
 [-0.03104282, 0.49910324],
 [ 0.37916441, 0.10513148],
 [ 0.00608556, 0.10903394],
 [ 0.31738947,-0.04318303],
 [-0.10413048, 0.34618166],
 [-0.32730321,-0.37598995],
 [-0.11006965, 0.00587621],
 [-0.0110834 ,-0.17258824],
 [ 0.42586413,-0.80879058],
 [ 0.57357192,-1.55431926],
 [-0.04766514,-0.04376172],
 [ 1.16474643, 0.91015864]]","[[-0.37542397, 0.79604208],
 [-0.01967591,-0.08881855],
 [-0.51251367,-0.19830085],
 [ 0.09135139, 0.25810179],
 [-0.20446346,-0.10104566],
 [-0.30539996,-0.17762822],
 [-0.07027144, 0.00286321],
 [ 0.02870711,-0.76595304],
 [-0.45198893, 0.05750093],
 [ 0.27938923, 0.76683477],
 [-1.92586516, 1.06479847],
 [ 0.13304296, 0.26135814],
 [-0.31293273,-0.2975567 ],
 [ 0.86381439, 0.49922651],
 [ 0.07039364, 0.23472057],
 [-0.00307611,-0.29830191],
 [-0.21886148,-0.0296832 ],
 [ 0.1602774 ,-0.18479819],
 [ 0.42516969, 1.13503798],
 [ 0.02782648, 0.78255415],
 [-0.65234261, 0.20930248],
 [ 1.28748378, 0.32027218],
 [ 0.16397376, 0.17253272],
 [ 0.08014245, 0.00657994],
 [ 0.06719772,-0.15094018],
 [-1.56972108, 0.86894435],
 [-0.91469385, 0.06996817],
 [ 0.60076625, 0.02919375],
 [-0.42736846, 0.20775469]]"
poisson_16_12_3,17,3,12,16,10.849889936008939,5.164662692412223,"[[ 1.23547678e+00, 1.72428336e+00, 1.17317580e+00],
 [-2.18642914e-01,-2.58111151e-01,-2.98275397e-01],
 [-3.40620082e-01,-8.42070980e-02, 1.02979431e+00],
 [ 7.64642149e-02,-1.85624698e-01,-5.01675052e-01],
 [ 9.81382071e-02, 2.38103528e-01,-1.21197962e-01],
 [ 1.79429891e-01, 6.54375879e-01, 6.83961380e-01],
 [ 1.04835232e+00, 1.05988371e+00, 5.29676276e-01],
 [ 6.74306565e-01, 8.92413750e-01, 6.75482052e-01],
 [ 6.79605145e-01, 8.62581376e-01, 6.81654134e-01],
 [ 3.80173077e-03,-1.71856575e-01, 5.40838025e-01],
 [-5.33016536e-02, 4.29761249e-01, 1.24292619e+00],
 [ 1.70213973e-01,-3.15629485e-01, 4.45452577e-01],
 [ 4.69189418e-02, 4.12489742e-02, 3.77197381e-01],
 [-1.78134798e-01,-9.03638179e-02, 2.10574433e-01],
 [ 7.22229059e-02,-1.31861838e-01, 1.87751038e-01],
 [ 4.86097298e-02,-2.33785121e-02,-8.18155004e-02],
 [-5.14134732e-01,-8.52364187e-01,-5.36646664e-01],
 [ 8.19774386e-02,-1.36254987e-01, 1.65827948e-01],
 [-1.88393573e-02, 2.68330587e-01, 2.60468400e-01],
 [-2.77459847e-01, 2.88236916e-01, 6.54465258e-01],
 [ 1.03854130e+00, 1.05936107e+00, 5.17144717e-01],
 [ 2.04136766e-01, 1.80228662e-01, 8.17163769e-02],
 [ 6.97188784e-01, 8.52712332e-01, 6.86305161e-01],
 [ 4.01902609e-02, 7.21393972e-02, 3.88847571e-01],
 [ 1.18689148e-02,-1.43889980e-01, 5.85784924e-01],
 [ 4.99936037e-02,-2.02475349e-01, 9.33433062e-01],
 [ 4.64721797e-02,-1.01171460e-01, 6.19801323e-01],
 [-1.31482250e-03, 6.74239786e-02, 4.01888717e-01],
 [-1.12805282e-01,-2.84805744e-01,-3.49742839e-01],
 [-3.76532675e-01,-2.21558383e-03,-1.28579419e+00],
 [ 1.61399615e-01, 5.79597948e-02,-2.42264617e-01],
 [ 8.73803248e-02,-9.57190054e-02, 1.67437847e-01],
 [-1.82642032e-01,-5.60415103e-01,-2.53675609e-01],
 [-4.13861107e-02, 4.19749797e-01,-2.30277287e-01],
 [-4.20222046e-02,-1.24067555e-01, 1.13116150e-01],
 [ 9.14969195e-01, 3.56432389e-03,-7.82148988e-01]]","[[-0.73863694, 0.47207002, 0.45926288],
 [-0.10633268, 0.32357655, 0.58157601],
 [-0.15947376,-0.64869774, 0.19639698],
 [ 0.03873935, 0.21450268, 0.25206841],
 [-0.11139264, 0.18738924,-0.23297297],
 [-0.48963022,-0.06841882,-0.59009629],
 [-0.03243457, 0.04044087, 0.12508267],
 [-0.01892745, 0.03239087,-0.50399484],
 [-0.1195451 , 0.43926558, 0.09707635],
 [ 0.44292004, 0.09099561, 0.52145829],
 [ 0.30220497, 0.32023729, 0.27618805],
 [ 0.41682479, 0.34283942, 0.23723067],
 [ 0.79090942, 0.2600485 ,-0.18418755],
 [ 0.93023454, 0.18098837,-0.01337216],
 [ 0.09124481,-0.1646101 , 0.11389909],
 [-0.31671334,-0.23876426, 0.38445841],
 [-0.1653386 , 0.34522094, 0.3090964 ],
 [ 0.00495766, 0.03194702,-0.01835688],
 [ 0.46290902, 0.79191772, 0.56953772],
 [ 0.69075308, 0.18187016, 0.43671314],
 [-0.01036292,-0.44358643, 0.0440634 ],
 [ 0.34156187, 0.19702021, 0.4189958 ],
 [ 0.00786524, 0.21645233, 0.07815092],
 [ 0.0150075 , 0.00942576, 0.00173717],
 [-0.01689798,-0.07841575,-0.10850587],
 [-1.31349643,-1.19611156, 0.31062884],
 [-0.84272346,-0.94554703, 0.105635  ],
 [ 0.72143083, 0.10905065, 0.11790997],
 [ 0.66120235, 0.19474657, 0.71356734]]"
poisson_16_12_3,18,1,12,16,11.327810783153396,8.219643435650049,"[[ 0.75911695],
 [ 0.02345013],
 [ 0.06620458],
 [ 0.0594912 ],
 [ 0.88035365],
 [-2.69163914],
 [ 0.05858795],
 [-1.73199203],
 [ 1.81367636],
 [-0.02274062],
 [ 3.08826633],
 [ 0.71679426],
 [-0.55407017],
 [ 0.47891364],
 [-0.03936371],
 [ 0.24484441],
 [ 0.13379287],
 [ 2.10429439],
 [-0.35250484],
 [-0.10007487],
 [-1.36813524],
 [-0.24379913],
 [ 0.26328607],
 [ 0.54594547],
 [ 1.2534368 ],
 [ 0.07811444],
 [ 0.32688252],
 [-0.06294123],
 [ 0.78789333],
 [-1.01812842],
 [ 0.2199354 ],
 [ 1.14854756],
 [ 0.55415308],
 [ 0.11954172],
 [ 0.11116361],
 [ 0.29188416],
 [ 0.51173928],
 [ 1.16325705],
 [-0.97715551],
 [ 0.96800777],
 [-1.03579162],
 [ 0.07194689],
 [ 0.99818872],
 [ 0.02574415],
 [ 0.17261949],
 [ 0.07790947],
 [ 1.39633841],
 [ 0.57965633],
 [ 0.12634912],
 [ 0.02605418],
 [ 0.04692214],
 [-1.614527  ],
 [-0.02325747],
 [ 0.06382592],
 [ 0.11438144],
 [-0.07791822],
 [-0.01249131],
 [ 0.10991771],
 [ 0.03496227],
 [-0.20381277]]","[[-7.21812695e-02],
 [-5.02510034e-01],
 [-4.31346423e-01],
 [-7.71986861e-01],
 [ 1.36541483e-01],
 [-1.37747621e-01],
 [-1.10401706e-01],
 [ 5.66212964e-01],
 [ 7.78862026e-01],
 [ 9.64532285e-01],
 [ 1.15457435e-01],
 [-1.19314838e-01],
 [ 6.77083040e-01],
 [ 5.77501867e-01],
 [-2.56175533e-02],
 [ 5.75025160e-02],
 [-5.30355656e-02],
 [ 8.45805628e-03],
 [ 8.42096392e-01],
 [ 3.90219351e-02],
 [ 1.23335924e-02],
 [ 3.38626344e-02],
 [ 3.54601598e-04],
 [ 8.12507780e-01],
 [-1.60096837e-01],
 [ 4.84549233e-01],
 [ 8.53196466e-01],
 [ 6.14838611e-01],
 [-1.72416619e-02],
 [ 4.94364919e-01],
 [ 1.90746548e-01],
 [ 4.30494966e-01],
 [ 1.27548377e-02],
 [ 4.12920610e-01],
 [ 6.38017495e-01]]"
poisson_16_12_3,18,2,12,16,11.247119222104882,7.213897727683603,"[[ 0.09220163, 0.24049015],
 [ 0.06619402, 0.36480517],
 [-0.04142223, 0.57103586],
 [ 0.35897749, 1.68552848],
 [ 0.77895886, 1.10296501],
 [-1.85138119,-1.51359457],
 [ 0.06422489, 0.3614569 ],
 [-1.16641447,-1.24697887],
 [ 0.14617225, 1.99686986],
 [ 0.20505481,-0.60031057],
 [ 2.49188207,-0.1371502 ],
 [ 0.53831793,-1.0389665 ],
 [ 0.11977082, 0.20413126],
 [ 0.34919731,-0.93912749],
 [ 0.66196663, 0.86555819],
 [ 0.22476775, 1.29126975],
 [ 0.10685341, 0.65725216],
 [-0.1068891 , 1.18787364],
 [ 0.01616903,-0.97486338],
 [-0.00397815, 0.47196666],
 [ 0.0244138 ,-1.73174984],
 [-0.08184645,-0.8929392 ],
 [ 0.18817748, 1.29911601],
 [ 0.29236516, 0.43224256],
 [-0.17185271, 0.43842586],
 [-0.07489319,-0.47026607],
 [ 0.0366814 ,-0.13333079],
 [-0.24409806,-0.32065206],
 [ 0.09796545, 0.22728992],
 [ 0.96457006, 0.42378853],
 [ 0.3076302 , 0.78214718],
 [ 0.98167171, 0.80244586],
 [ 0.28398494, 0.39740956],
 [-0.03053183, 0.53464655],
 [ 0.2952935 , 0.63981362],
 [-0.11866042, 0.93410509],
 [ 0.22899081, 0.48640744],
 [ 0.97629284, 0.79845091],
 [ 0.21226069,-0.06284933],
 [ 1.33168743, 1.39793044],
 [ 1.00071265, 0.43921484],
 [ 0.10431562,-0.84100572],
 [ 1.31517098, 1.43046236],
 [-0.04952734, 0.27430163],
 [ 0.12990957, 0.64722651],
 [-0.09871145,-0.45695624],
 [ 1.06565978,-0.17753567],
 [ 0.2821817 , 0.41481524],
 [-0.03697045, 0.55094264],
 [-0.22978769,-0.36309237],
 [-0.02979104, 0.58271883],
 [ 0.24487571, 0.01587988],
 [ 0.66429673, 0.81970884],
 [-0.35480295, 0.21194074],
 [ 0.30074198, 0.67310805],
 [ 0.36590539,-0.30301025],
 [-0.04189247,-0.04316494],
 [ 0.16188035,-0.74659371],
 [ 0.02528351,-0.71121729],
 [-0.04262778, 0.01668879]]","[[-0.31383531, 0.22727058],
 [-0.03705642, 0.56148015],
 [ 0.0483602 ,-0.08827251],
 [-0.56240814,-0.66929886],
 [-0.09717062, 0.32489883],
 [-0.26139751,-0.34151425],
 [-0.64951023, 0.27897263],
 [ 0.12711883, 0.15690355],
 [ 0.33153548, 0.02516519],
 [ 0.10144918, 0.02167114],
 [ 0.0121464 ,-0.16436048],
 [ 0.70496368, 0.0859754 ],
 [ 1.19353493, 0.27456841],
 [ 0.66383085, 0.76633316],
 [ 0.12979818,-0.36702108],
 [ 0.44853718, 0.57236814],
 [ 0.12518337, 0.08242126],
 [ 0.00733158, 0.04916356],
 [ 0.99319292, 0.76233953],
 [ 0.85406433, 0.09576677],
 [ 0.37415355, 0.02038615],
 [ 0.3673251 , 0.06522769],
 [-0.05869901, 0.10154514],
 [-0.20282328, 0.16131118],
 [ 0.73150144, 0.52544764],
 [-0.20450425, 0.10679829],
 [-0.45137128, 0.68211532],
 [ 0.69411965, 0.05325055],
 [ 0.0186964 , 0.01770912],
 [ 0.43035997, 0.20004671],
 [ 0.49120503, 0.10567139],
 [-0.11851174, 0.91204057],
 [-0.02387405, 0.00550746],
 [ 0.1194895 , 0.26872737],
 [ 0.95554549,-0.15852493]]"
poisson_16_12_3,18,3,12,16,11.183018185043572,7.045823101009479,"[[ 0.00790396, 0.03395895, 0.17761189],
 [-0.17602765,-0.06054317, 0.10242392],
 [ 0.00598679, 0.09711135, 0.31512243],
 [ 0.04755819, 0.47518808, 0.8788751 ],
 [ 0.46776238, 0.87704132, 0.66748723],
 [-1.22703092,-1.11022812,-0.54445558],
 [-0.16005687,-0.10359262, 0.10433464],
 [-1.82781283,-0.96554017, 0.43930657],
 [-0.38606773,-0.63947063, 0.05783108],
 [ 0.21827544,-0.03131176,-0.33787449],
 [-1.41162065,-1.64557494,-0.40163605],
 [-0.05420657,-0.20104615,-0.4226775 ],
 [ 0.95781176, 0.18922354, 0.16036507],
 [-0.07768163,-0.56744592,-1.58757592],
 [ 0.57294295, 0.55976581, 0.32853362],
 [ 0.11395541, 0.11428449, 0.78686879],
 [ 0.15245688, 0.20527485, 0.48500814],
 [-0.19555597,-0.66950252, 0.59404664],
 [ 0.15221834, 0.41312482, 0.58037781],
 [-0.1906437 ,-0.18211783, 0.72360633],
 [-0.31357188,-0.44550311,-1.08003803],
 [-0.19838068,-0.73202373,-0.42570727],
 [ 0.0983937 , 0.08227461, 0.82665918],
 [ 0.05902304, 0.11724316, 0.2542408 ],
 [-0.07976704,-0.0181286 , 0.53813674],
 [-0.34877888,-0.52348053,-0.22739694],
 [-0.03506665,-0.02511448, 0.09144996],
 [ 0.03447262,-0.06617111, 0.0739749 ],
 [-0.01481753, 0.05833153, 0.17604834],
 [ 0.71543528, 0.73192002,-0.21955055],
 [ 0.86201416, 1.80865959, 0.84717653],
 [ 0.51945348, 0.64257757, 0.64106746],
 [ 0.09938398, 0.14003469, 0.23968081],
 [ 0.00489864, 0.16566233, 0.34685965],
 [ 0.04804427, 0.04759402, 0.43642559],
 [-0.01285636, 0.05929335, 0.80521135],
 [-0.13145683,-0.16630533,-0.16730553],
 [ 0.51618441, 0.63324883, 0.64857514],
 [-0.54957168,-1.17294594,-0.47470857],
 [ 1.01089478, 0.90961242, 0.88700076],
 [ 0.7555365 , 0.69160329,-0.19945437],
 [-0.12673508,-0.2258875 ,-0.6467506 ],
 [ 0.99870754, 0.9101431 , 0.90248098],
 [-0.15870167, 0.00234602, 0.1016107 ],
 [ 0.16399323, 0.20073816, 0.45685459],
 [-0.35184653,-0.52831109,-0.24170822],
 [ 0.20954196, 0.1199696 , 0.87302497],
 [ 0.0809481 , 0.13562626, 0.25119507],
 [ 0.02549591, 0.18677573, 0.3836426 ],
 [ 0.14271361,-0.74859027,-0.86862094],
 [ 0.03316977, 0.12264231, 0.29142474],
 [-0.48862472,-0.04182477, 0.08257385],
 [ 0.58814254, 0.55333698, 0.33464661],
 [ 0.0716148 ,-0.68093293,-0.34457124],
 [ 0.02184225, 0.04727738, 0.41216697],
 [-0.15291423,-0.55645475,-0.73244939],
 [-0.16719296,-0.19556489, 0.14566111],
 [-0.29177996,-0.2788213 ,-0.68938367],
 [ 0.01653116,-0.10652585,-0.84951943],
 [-0.02085399,-0.13616845,-0.18569192]]","[[ 0.43720848, 0.36063581, 0.14011917],
 [ 0.01831368, 0.33546447, 0.23285871],
 [ 0.0456736 , 0.07326057,-0.0422999 ],
 [-0.16838177,-0.33190704,-0.34409606],
 [ 0.07988733, 0.10012378, 0.06522823],
 [ 0.201377  , 0.19087243,-0.21909825],
 [ 0.13235631, 0.12934565, 0.26955719],
 [ 0.45817916, 0.30780446, 0.03448506],
 [ 0.38358674, 0.19996854, 0.06823759],
 [ 0.08292563, 0.06802118, 0.03096421],
 [ 0.02699015, 0.00785023, 0.01172311],
 [ 0.26539122, 0.1371749 , 0.02945626],
 [ 0.30143384, 0.4389279 , 0.29413265],
 [ 0.40737199, 0.3222338 , 0.35477706],
 [-0.11763732,-0.18580557,-0.29792431],
 [ 0.27160036, 0.37147134, 0.46686819],
 [ 0.37386289, 0.16737877, 0.08445227],
 [ 0.13546677, 0.02436799, 0.00503134],
 [ 0.61067936, 0.50596292, 0.56396196],
 [ 0.24035607, 0.08102361, 0.05139203],
 [ 0.19490737, 0.18628891, 0.09934098],
 [ 0.1930917 , 0.12422939, 0.04830662],
 [ 0.04248937, 0.09048206, 0.0133235 ],
 [ 0.34263132, 0.28168639, 0.14396628],
 [ 0.10476255, 0.15324721, 0.39491982],
 [-0.36719021,-0.38369632, 0.24994232],
 [ 0.80675257, 0.50743756, 0.22451382],
 [ 0.29296767, 0.20580532, 0.24724827],
 [-0.0239758 ,-0.01368332,-0.00644682],
 [ 0.41598374, 0.54766336, 0.03964312],
 [ 0.47923281, 0.58384768, 0.12423606],
 [ 0.53969565, 0.12094519, 0.40521353],
 [ 0.02004131,-0.00572316,-0.00789655],
 [ 0.18406707, 0.3428513 ,-0.19070036],
 [ 0.37325891, 0.48137117,-0.11239314]]"
poisson_16_12_3,19,1,12,15,12.213483537826772,9.509431267611667,"[[ 4.09988571e-01],
 [-1.50720641e-01],
 [ 6.14965468e-01],
 [-2.61859748e+00],
 [ 5.69411515e-01],
 [ 1.96472674e-01],
 [-1.04087221e-01],
 [ 2.04616139e-01],
 [-6.25182263e-01],
 [-5.02099770e-03],
 [ 4.52763714e-01],
 [ 1.45963039e+00],
 [-1.38175847e-01],
 [ 2.18826242e-01],
 [-6.37017048e-01],
 [-1.36517056e-02],
 [ 5.21309891e-01],
 [-7.78265105e-02],
 [-3.10130402e-01],
 [ 2.37652379e-01],
 [ 5.93324833e-01],
 [-1.29474676e-01],
 [ 2.30645901e-03],
 [ 5.21363574e-02],
 [ 2.87955192e+00],
 [ 7.29179589e-01],
 [ 8.65908304e-01],
 [ 3.30965092e-01],
 [-1.72844566e-01],
 [-6.80377599e-01],
 [ 1.27859203e+00],
 [ 1.74889872e-01],
 [-1.81193847e-01],
 [ 1.21129321e+00],
 [ 3.20923750e-01],
 [ 8.54324025e-01],
 [ 8.11919020e-01],
 [ 1.26545066e+00],
 [ 8.98279218e-01],
 [ 4.22847563e-01],
 [ 1.35805431e-01],
 [-6.41251882e-02],
 [ 3.34062500e-01],
 [-5.73473145e-01],
 [-6.18296350e-02]]","[[ 0.1134618 ],
 [ 0.04885892],
 [-0.92961681],
 [ 0.30798326],
 [ 0.47614558],
 [-0.29307012],
 [-0.0705491 ],
 [ 0.14754651],
 [ 0.12483546],
 [ 0.56604073],
 [ 0.35527671],
 [ 0.34315601],
 [ 0.64308328],
 [ 0.07897437],
 [ 0.73568702],
 [-0.46166463],
 [ 0.02587124],
 [ 0.10351212],
 [-0.10206152],
 [-0.06731755],
 [ 0.34543854],
 [ 0.41914954],
 [-0.15136841],
 [ 0.02774171],
 [ 0.30383075],
 [ 0.28827598],
 [-0.93343043],
 [ 0.1080156 ],
 [ 0.59252184],
 [ 0.96421428],
 [ 0.23851701],
 [ 0.65100274],
 [ 1.00715089],
 [ 0.40450247]]"
poisson_16_12_3,19,2,12,15,12.148065922049382,7.268047264967248,"[[-4.21702717e-01,-8.00343749e-02],
 [-4.04707589e-01,-6.64762949e-01],
 [ 4.64991370e-01, 9.49918060e-01],
 [ 1.15834174e-01,-1.93264391e-01],
 [ 1.74435456e-03, 2.47398676e-02],
 [-4.23449045e-02,-1.23029441e-01],
 [ 1.66235607e-03, 8.85243366e-02],
 [-2.94954018e-02,-1.53875809e-01],
 [-4.34566310e-01, 1.98608538e-02],
 [ 7.53689382e-02, 1.05568771e-01],
 [ 5.07739081e-02,-6.04152320e-01],
 [ 9.10219684e-02,-4.00011025e-02],
 [-1.36214634e-01,-1.43948595e-01],
 [-2.01665327e-01,-3.21552584e-02],
 [ 1.92993666e-02, 1.98037705e-01],
 [ 4.51512658e-02, 1.30569793e-01],
 [-2.46582972e-02, 4.31227798e-01],
 [ 2.62329505e+00, 2.08592079e+00],
 [ 9.75938330e-01,-2.76935047e-01],
 [-1.94272857e-01,-5.00573099e-02],
 [-8.11577923e-03, 3.67741266e-02],
 [ 1.11123154e-02, 2.33843895e-01],
 [ 5.45488019e-02, 1.11435888e-01],
 [-1.00756472e-01,-1.91328686e-01],
 [ 3.24852061e-02, 3.65710730e-01],
 [-7.15537461e-02, 6.57638612e-01],
 [ 2.38346308e-01, 5.39044710e-01],
 [-3.12646684e-02, 1.00419163e+00],
 [-1.05064622e-01,-5.97988110e-02],
 [-4.90842151e-01,-4.59360442e-01],
 [ 1.25229827e+00, 1.17652219e+00],
 [ 1.18314567e-02, 3.84369358e-02],
 [ 1.88442393e+00, 1.04769230e+00],
 [ 6.57367100e-02, 6.96476895e-01],
 [ 7.78520466e-01, 7.52122733e-01],
 [ 2.48278171e-01, 5.10688880e-01],
 [-4.62759959e-01,-2.99770448e-01],
 [ 2.63435082e-01, 1.90147411e+00],
 [ 7.98743668e-01, 1.35246792e+00],
 [ 5.92887255e-02,-6.03170773e-01],
 [ 3.58108108e-02,-1.99353195e-01],
 [ 2.65131485e+00, 2.08226768e+00],
 [ 7.37604684e-01, 7.55709021e-01],
 [-2.54817416e-01,-2.50428258e-02],
 [ 3.45033814e-02, 4.20406241e-01]]","[[ 0.40247158, 0.31072137],
 [ 0.11376671, 0.08422053],
 [ 0.00177972,-0.00930621],
 [ 0.79060757, 0.63359732],
 [-0.12851757,-0.60920664],
 [ 0.30331975,-0.39117712],
 [-0.2963125 ,-0.46015546],
 [ 0.31616657, 0.13314328],
 [ 0.329983  , 0.66346159],
 [ 0.32591455, 0.994486  ],
 [ 0.26923373, 0.92517683],
 [ 0.78352307, 1.25024467],
 [ 0.88738766, 0.13459274],
 [ 0.01274334, 0.00744512],
 [-0.18445223, 0.42928201],
 [-0.06016605, 0.32856215],
 [-0.3731387 , 1.01588477],
 [ 0.0655867 , 0.46814873],
 [ 0.37836053, 0.98889825],
 [ 0.33845696, 0.17170862],
 [ 0.30541099, 0.0853519 ],
 [-1.18779674, 0.09733095],
 [-0.0075849 , 0.03568255],
 [-0.00610072,-0.00255029],
 [-0.01061065, 0.00876883],
 [ 0.02813522, 0.02068062],
 [-0.34752229,-0.66569915],
 [ 0.98515413, 0.34000793],
 [ 0.59294543, 0.17675263],
 [ 0.3527415 , 0.61706931],
 [ 0.15361436, 0.04197811],
 [ 1.1238925 , 0.66588114],
 [ 0.34791388, 0.11741093],
 [ 0.21734145, 0.09836617]]"
poisson_16_12_3,19,3,12,15,12.076789974892,7.090733987680937,"[[-2.98678027e-01,-3.13202597e-03, 1.16237360e+00],
 [-2.17263095e-01, 2.69766636e-01,-1.23462218e+00],
 [ 3.06495610e-01, 4.78302250e-02,-3.99324634e-01],
 [-1.29498831e-01,-3.44258899e-01,-7.48731773e-01],
 [ 1.52375478e-02, 4.12344257e-02, 1.52428701e-01],
 [ 1.22195343e-01, 8.11502251e-02,-2.01013204e-01],
 [ 3.14866370e-03, 1.91175660e-02, 4.84464325e-01],
 [ 1.07012625e-01, 6.16263823e-02,-2.07679625e-01],
 [ 1.85461345e-01,-5.83587448e-01,-3.99392938e-01],
 [ 6.92270307e-02,-4.00122165e-02,-1.61989510e-01],
 [-1.36744084e-01,-1.77605441e-01,-1.95379311e-01],
 [-4.56548776e-02,-1.85140997e-01,-1.55633906e-01],
 [-2.43484360e-02, 1.10091490e-01,-4.45524482e-03],
 [-8.11825996e-02,-7.25048191e-02, 3.08591015e-01],
 [-6.81545197e-02,-3.95838209e-02, 2.36825598e-01],
 [ 6.58784222e-02,-2.65962919e-02,-2.07164912e-01],
 [ 2.33906161e-01, 3.59696895e-02, 3.59608395e-01],
 [ 1.39381360e+00, 2.06041031e+00, 1.58621404e+00],
 [ 6.70167063e-01, 8.76281248e-01,-8.54372405e-01],
 [-6.72855747e-02,-1.14009095e-01, 3.25805204e-01],
 [ 1.79096868e-02, 2.74315157e-04, 1.42245562e-01],
 [ 5.17130974e-02,-7.15827088e-02,-1.68356654e-01],
 [ 5.57017467e-02,-8.96895152e-04,-1.93699624e-01],
 [ 3.47663113e-03,-8.40557581e-02, 5.31425717e-02],
 [ 3.36402377e-01, 6.40220640e-01, 6.40305003e-01],
 [ 2.53899618e-01, 5.27378902e-01, 5.67480437e-01],
 [ 1.24810808e-02, 1.19056222e-01, 7.08768676e-01],
 [ 4.42891744e-02, 2.05915716e-02, 1.00968588e+00],
 [-2.44315469e-02,-1.07079748e-01,-1.29730504e-01],
 [ 2.08652176e-01,-9.96391846e-01,-3.60167176e-01],
 [ 8.50932416e-01, 1.14991856e+00, 9.56679322e-01],
 [-1.31124458e-01,-6.34145223e-02,-1.01563980e-01],
 [ 1.54178782e+00, 1.26941456e+00, 6.67312763e-01],
 [ 1.60922433e-01, 3.80766663e-01, 3.99893937e-01],
 [ 1.34156815e-01, 3.41106932e-01, 4.11369844e-01],
 [ 1.82438994e-03, 8.04755155e-02, 7.08142255e-01],
 [-3.18612359e-01,-2.24908553e-01, 2.74248900e-01],
 [-1.41119084e-01, 2.66260879e-01, 8.93004595e-01],
 [ 1.04542649e+00, 1.31767589e+00, 1.22873960e+00],
 [-1.45918167e-01,-1.79901454e-01,-2.00495814e-01],
 [ 2.19578428e-01,-3.34192801e-01, 1.00196554e-01],
 [ 1.41235146e+00, 2.05622311e+00, 1.58035979e+00],
 [ 1.65158704e-01, 3.34918885e-01, 4.11795508e-01],
 [-2.06235199e-01,-4.86758724e-01, 6.59653700e-01],
 [-2.52174518e-02, 7.94924102e-02, 2.35168865e-01]]","[[ 4.20501261e-01, 3.08283021e-01, 2.24394509e-01],
 [ 3.23464445e-01, 4.26495933e-02,-1.79781774e-02],
 [-1.28299548e-02,-2.63434154e-02,-2.24172544e-02],
 [ 3.60727720e-01, 3.22507064e-01, 2.11731676e-01],
 [-4.25705099e-01,-7.48082857e-02, 4.43497958e-04],
 [ 6.17552433e-01,-3.92651430e-02,-2.07775626e-01],
 [ 9.75015570e-01,-6.01448956e-01,-2.69782832e-01],
 [ 5.78245244e-01, 1.06736362e-01, 2.53923885e-02],
 [-2.73917672e-01, 3.88275294e-01, 4.48443704e-01],
 [-7.44133677e-03, 8.86093180e-01, 2.46231643e-01],
 [-2.88613979e-01, 6.19220987e-01, 5.14727123e-01],
 [ 1.22638300e+00, 9.26866839e-01, 5.98577692e-01],
 [ 6.29415369e-01, 4.29488494e-01, 9.31824803e-02],
 [ 1.98098709e-02, 1.02233177e-02,-1.97182901e-02],
 [ 2.34853564e-01, 9.57140593e-02,-7.64092589e-01],
 [-2.11580134e-02, 5.13219004e-01,-6.12912193e-01],
 [ 5.67742783e-01, 4.91770123e-01, 2.45856336e-01],
 [-7.13429491e-02, 1.15789885e-01, 3.41570373e-01],
 [ 6.51919673e-01, 6.52189165e-01, 2.84978920e-01],
 [ 1.08870827e-01, 1.66608839e-01,-3.36418352e-02],
 [ 6.38451346e-02, 3.08634476e-01, 7.18911459e-02],
 [ 1.06709793e-01,-2.95408203e-01, 2.72446434e-01],
 [-4.77566894e-02, 2.97461617e-02, 2.38383120e-02],
 [ 8.70372977e-03,-1.43276986e-02, 3.31378130e-02],
 [ 1.36341545e-02,-5.59280273e-03, 6.91978508e-03],
 [ 6.85523923e-02, 6.72831381e-03, 1.09646545e-02],
 [-5.83849464e-01,-4.93639106e-01,-1.52760108e-01],
 [ 5.42341163e-01, 5.06245155e-01, 6.16335777e-01],
 [-3.07211413e-01, 3.02202469e-01, 3.14979722e-01],
 [ 6.50648110e-01, 5.08252238e-01, 5.58980094e-01],
 [-1.04521007e-01, 1.24014025e-01, 3.90215356e-01],
 [-2.97143479e-01, 8.34507279e-01, 8.22148869e-01],
 [ 2.07874247e-02, 1.98403046e-01, 1.79040305e-02],
 [ 1.06540437e+00, 2.78547541e-01, 2.07187558e-01]]"
poisson_16_12_3,20,1,12,15,11.380546382702494,8.03341240513001,"[[ 0.86778342],
 [-0.12840644],
 [ 0.17259347],
 [-1.61066997],
 [ 0.39414462],
 [-0.08541814],
 [-0.01876517],
 [ 0.10127882],
 [ 0.0611371 ],
 [-0.27932305],
 [ 0.03950052],
 [ 0.20083017],
 [ 0.83868207],
 [-0.03102663],
 [-0.33732271],
 [-0.0268741 ],
 [ 0.31129114],
 [ 0.04626722],
 [ 0.24550145],
 [-0.2834093 ],
 [ 1.49609808],
 [-0.04659343],
 [ 0.83232739],
 [-0.04079947],
 [-0.03073252],
 [-2.29726575],
 [ 0.07477797],
 [-0.00445384],
 [ 1.3437738 ],
 [-0.03280969],
 [ 0.12803166],
 [ 0.40442503],
 [ 0.01666724],
 [ 1.48443083],
 [-1.21627932],
 [ 1.14674133],
 [-0.02495277],
 [ 0.01416417],
 [ 0.80779832],
 [-0.00968409],
 [ 2.70268737]]","[[ 3.36187945e-01],
 [ 4.97407774e-02],
 [ 3.54039516e-01],
 [ 5.81215836e-01],
 [-6.16094346e-04],
 [ 8.03663530e-01],
 [-1.72403845e-01],
 [ 2.36457200e-01],
 [-1.11824806e+00],
 [ 4.29670250e-02],
 [ 2.46768473e-02],
 [-8.37616231e-01],
 [ 7.15067261e-01],
 [ 1.91710931e-01],
 [-8.78036593e-02],
 [ 7.88484115e-01],
 [ 5.03299687e-01],
 [ 3.43533085e-03],
 [ 2.10975811e-01],
 [ 1.35418331e-01],
 [ 6.52965792e-02],
 [ 2.90815088e-01],
 [ 2.69903433e-01],
 [ 1.12458685e-01],
 [-3.76623302e-02],
 [ 1.36643984e+00],
 [ 3.51015978e-02],
 [ 1.24230819e-01],
 [ 2.50627443e-01],
 [ 2.92385020e-01],
 [-9.46492686e-02],
 [-1.20332443e-02]]"
poisson_16_12_3,20,2,12,15,11.319783913909099,6.28316900039075,"[[ 0.09737237, 0.71298077],
 [-0.18707832,-0.56885216],
 [-0.19671448, 0.01069103],
 [-1.06454887,-0.83479239],
 [-0.32873222,-0.41072322],
 [-0.36863436, 0.33848443],
 [-0.13007123, 0.03060009],
 [ 0.40798279, 0.11993764],
 [ 0.21466251,-0.14274424],
 [ 0.03908314, 0.28386438],
 [ 0.04499333, 0.1230134 ],
 [ 1.21179944, 1.27540659],
 [ 0.88931748, 0.69577603],
 [-0.02461923, 1.12300352],
 [-0.66745453, 0.16467999],
 [ 0.19995021,-0.34756931],
 [ 0.10385199, 2.02614152],
 [ 0.18734725,-0.11496875],
 [ 0.00849136, 0.3005824 ],
 [-0.47562141,-0.02559734],
 [ 0.01061713, 0.37697851],
 [-0.05021952,-0.18537894],
 [ 0.88607349, 0.71585396],
 [-0.0498988 ,-0.18887276],
 [ 0.40290824,-0.39429554],
 [-0.18831034, 0.21401214],
 [ 0.41805716, 0.11671588],
 [ 0.04322483, 0.17366535],
 [-0.37926393, 1.22025187],
 [ 0.04851641,-0.05277649],
 [ 0.1011411 , 0.14683996],
 [ 0.11299115, 0.29060115],
 [-0.22849347, 0.30202469],
 [-0.01979076, 0.38739001],
 [ 0.34774376,-0.49947942],
 [ 0.36931218, 0.73482361],
 [ 0.32060201,-0.26451331],
 [-0.11398115, 0.59446249],
 [ 0.9055868 , 0.69525914],
 [-0.0978596 , 0.02609086],
 [ 1.51285694, 1.67052995]]","[[ 2.25676930e-01, 1.87530358e-01],
 [ 9.48921699e-02, 8.44342380e-02],
 [ 1.63255462e-01, 6.88949255e-01],
 [-3.52914439e-01, 9.43860039e-01],
 [-6.76356564e-02, 9.68465085e-02],
 [ 1.08655539e+00, 2.48245569e-01],
 [-9.58223701e-01, 7.27502422e-02],
 [ 4.57706094e-01, 1.86975649e-01],
 [-2.59974239e-01,-1.16376631e-01],
 [ 3.53967995e-01,-9.75918133e-02],
 [ 2.26002660e-01,-3.00044122e-01],
 [-1.51954457e+00,-3.34292675e-01],
 [ 3.18744493e-01, 7.26621691e-01],
 [ 6.32072125e-01, 1.86499041e-01],
 [-9.01054955e-01,-4.46255230e-01],
 [ 1.27138072e+00, 6.37531057e-01],
 [ 1.71080421e-01, 1.60538858e-01],
 [ 1.05722304e-01,-1.23802683e-03],
 [ 4.49256550e-02, 4.71914653e-01],
 [ 7.77689514e-02,-9.54915234e-02],
 [ 2.08392185e-01, 2.03483834e-01],
 [ 2.92348051e-01, 4.08439656e-01],
 [-1.09506358e+00, 1.35937335e+00],
 [ 2.13666881e-01,-1.63901132e-01],
 [-4.71421685e-01,-3.33906893e-01],
 [ 4.39002968e-01, 1.22352747e+00],
 [ 7.04909600e-01, 6.34763557e-01],
 [ 1.21059760e+00, 3.54273163e-01],
 [-6.39470794e-01, 8.35555030e-01],
 [-7.70196903e-01,-3.91159585e-01],
 [ 1.28590535e-02,-7.07300622e-02],
 [-1.90146147e-02,-2.73010036e-02]]"
poisson_16_12_3,20,3,12,15,11.25676246258054,6.100085062584425,"[[ 0.03713197, 0.26374044, 0.61872484],
 [-0.26862262,-0.28453027,-0.50592257],
 [ 0.41394847,-0.03442623,-0.19415942],
 [ 0.0615458 ,-0.8180625 ,-0.46006293],
 [ 0.2167077 ,-0.18108901,-0.10964445],
 [-0.22746508,-0.36416611,-0.3889156 ],
 [-0.20194925, 0.01744726, 0.11333071],
 [ 0.08487386, 0.07391859, 0.37850523],
 [ 0.01695969,-0.02658673, 0.04408409],
 [ 0.15477133,-0.23650855, 0.29756276],
 [ 0.00995879,-0.12810994,-0.12097566],
 [ 0.80841545, 0.83312839, 0.53792927],
 [ 0.87147531, 0.64063982, 0.5205619 ],
 [-0.32162218, 0.32393087, 0.31051775],
 [-0.46408332,-0.32745741,-0.02536609],
 [ 0.21442009,-0.03078989,-0.11892701],
 [-0.10127455, 0.40736493, 0.36283659],
 [ 0.01378846,-0.03713352, 0.04094252],
 [ 0.10994816,-0.09900762,-0.36315713],
 [-0.00289242,-0.27835934,-0.22230004],
 [ 0.06390337, 0.75237974, 0.96637757],
 [ 0.0659325 ,-0.04010142, 0.23493121],
 [ 0.853933  , 0.625167  , 0.51875879],
 [ 0.04604621,-0.003999  , 0.22954308],
 [ 0.29173272, 0.17659854,-0.29863755],
 [ 0.11814251, 0.05170832,-0.61056109],
 [ 0.05713111, 0.05455947, 0.36889464],
 [ 0.40366837, 0.23696211,-0.82559836],
 [ 0.46643517, 0.21299827, 0.44370619],
 [ 0.02429925,-0.06577482, 0.19649522],
 [-0.02513371, 0.11698975, 0.1229644 ],
 [-0.09706926, 1.05030851, 0.16980547],
 [-0.06501561, 0.06295254, 0.03877426],
 [ 0.0588051 , 0.74937775, 0.97375595],
 [-0.10073321,-0.27604755,-0.28499438],
 [-0.09085239,-0.29811678, 1.97847219],
 [ 0.092854  ,-0.21606795, 0.10764503],
 [-0.05325611, 0.2605233 , 0.54166745],
 [ 0.87713538, 0.65235216, 0.50100491],
 [-0.1705818 , 0.01038697, 0.11235407],
 [ 0.17599538, 1.01977033, 1.43047349]]","[[ 0.57490114, 0.14055816, 0.07315584],
 [-0.45657388, 0.1044509 ,-0.3526406 ],
 [ 0.1842078 , 0.74858452, 0.1803874 ],
 [ 0.03685133, 0.79074759, 0.10390253],
 [-0.02467587, 0.02590761,-0.03486021],
 [ 0.09490455, 0.26298228, 0.05359846],
 [-1.20729975,-0.89650736, 0.64691841],
 [-0.3921544 , 0.19602587, 0.14615649],
 [-1.01241422, 0.02955453, 0.13716074],
 [ 0.023008  ,-0.05799647, 0.18810285],
 [-0.23910417,-0.19664735,-0.30848599],
 [-1.45145331,-0.2817458 ,-0.41137985],
 [ 0.27970931, 1.08563725, 0.15334466],
 [ 0.71808208, 0.31072159, 0.20292465],
 [-0.75381449, 0.11772759, 0.00436022],
 [ 0.80798665, 0.8751905 , 0.54432649],
 [-0.21757499, 0.14959718, 0.09080112],
 [ 1.17756092,-0.01784728,-0.00693449],
 [ 0.0218364 , 0.27621455, 0.14512248],
 [ 0.10303436, 0.00949483, 0.07458231],
 [ 0.32250488, 0.17418276, 0.04743392],
 [ 0.38085087, 0.07254733, 0.57084026],
 [-0.101932  ,-1.10347112, 0.84350294],
 [-0.50220901,-0.55188836,-0.76942723],
 [-0.56311122,-0.34676028, 0.20690381],
 [ 0.59004257, 0.57954599, 0.82952849],
 [ 0.03957192,-0.29332702, 0.30739342],
 [-0.18593758, 0.21378068, 0.02021881],
 [-0.35545004, 0.63233622, 0.42597996],
 [-0.28822491,-0.67069293, 0.4341558 ],
 [-0.09370969,-0.05691995,-0.00223314],
 [ 0.35720028,-0.0285742 , 0.00374876]]"
